id_loca;id_div;id_leg;division;strata;id_taxo;DW;FW;LDMC;id_RT
RT01_d+15;Div0;Leg-;Leaf2;0;Bra_napus;306.5;1533.6;199.8565467;1
RT01_d+9;Div0;Leg-;Leaf3;0;Lol_peren;6.2;23;269.5652174;1
RT01_d0;Div0;Leg-;Leaf3;0;Bra_napus;192.6;723.7;266.1323753;1
RT01_d-12;Div0;Leg-;Leaf3;0;Lol_peren;4.4;27.3;161.1721612;1
RT01_d-15;Div0;Leg-;Leaf3;0;Bra_napus;369.8;1835.2;201.5039233;1
RT01_d-24;Div0;Leg-;Leaf3;0;Lol_peren;20.7;76.7;269.8826597;1
RT01_d-3;Div0;Leg-;Leaf3;0;Lol_peren;12.4;48.4;256.1983471;1
RT02_d+15;Div1;Leg-;Leaf3;0;Bra_napus;172.4;847;203.5419126;2
RT02_d+21;Div1;Leg-;Leaf2;0;Lol_peren;4.1;18.8;218.0851064;2
RT02_d+9;Div1;Leg-;Leaf3;0;Lol_peren;10.9;42.41245136;257;2
RT02_d0;Div1;Leg-;Leaf3;0;Bra_napus;262.4;1588.2;165.2184863;2
RT02_d-12;Div1;Leg-;Leaf2;0;Lol_peren;6.7;31.5;212.6984127;2
RT02_d-15;Div1;Leg-;Leaf3;0;Bra_napus;34.9;198.6;175.7301108;2
RT02_d-24;Div1;Leg-;Leaf4;0;Lol_peren;9.8;51;192.1568627;2
RT02_d-3;Div1;Leg-;Leaf4;0;Lol_peren;25.9;136.6;189.6046852;2
RT03_d+15;Div2;Leg-;Leaf3;0;Bra_napus;99.6;532.6;187.0071348;3
RT03_d+21;Div2;Leg-;Leaf3;0;Lol_peren;10.1;37.7;267.9045093;3
RT03_d+9;Div2;Leg-;Leaf4;0;Lol_peren;14.8;62.8;235.6687898;3
RT03_d0;Div2;Leg-;Leaf3;0;Bra_napus;315.2;1779.7;177.1085014;3
RT03_d-12;Div2;Leg-;Leaf5;0;Lol_peren;18.9;75.5;250.3311258;3
RT03_d-15;Div2;Leg-;Leaf2;0;Bra_napus;223.1;1096.3;203.5026909;3
RT03_d-18;Div2;Leg-;Limb;0;Ver_persi;;15.8;;3
RT03_d-24;Div2;Leg-;Leaf4;0;Lol_peren;14.2;48.7;291.5811088;3
RT03_d-3;Div2;Leg-;Leaf2;0;Lol_peren;2;9.9;202.020202;3
RT04_d+15;Div3;Leg-;Leaf2;0;Bra_napus;66.5;295.4;225.1184834;4
RT04_d+21;Div3;Leg-;Leaf3;0;Lol_peren;21.5;79.9;269.0863579;4
RT04_d+9;Div3;Leg-;Leaf2;0;Lol_peren;12;53.2;225.5639098;4
RT04_d0;Div3;Leg-;Leaf3;0;Bra_napus;503.5;2837.3;177.4574419;4
RT04_d-12;Div3;Leg-;Leaf4;0;Lol_peren;22.3;81.1;274.9691739;4
RT04_d-15;Div3;Leg-;Leaf3;0;Bra_napus;78.1;315;247.9365079;4
RT04_d-24;Div3;Leg-;Leaf3;0;Lol_peren;33.9;157.6;215.1015228;4
RT04_d-3;Div3;Leg-;Leaf3;0;Lol_peren;8.8;51.3;171.539961;4
RT05_d+15;Div0;Leg-;Leaf2;0;Bra_napus;81.5;350.9;232.2599031;5
RT05_d+21;Div0;Leg-;Leaf2;0;Lol_peren;7.2;34.4;209.3023256;5
RT05_d+9;Div0;Leg-;Leaf1;0;Lol_peren;2.6;11.6;224.137931;5
RT05_d0;Div0;Leg-;Leaf3;0;Bra_napus;389.6;2457.1;158.5609051;5
RT05_d-12;Div0;Leg-;Leaf5;0;Lol_peren;22.5;93.95;239.4890899;5
RT05_d-24;Div0;Leg-;Leaf4;0;Lol_peren;16.2;81.1;199.7533909;5
RT05_d-3;Div0;Leg-;Leaf4;0;Lol_peren;19.5;81.4;239.5577396;5
RT06_d+21;Div1;Leg-;Leaf2;0;Lol_peren;5.7;22.17898833;257;6
RT06_d+9;Div1;Leg-;Leaf2;0;Lol_peren;1.8;13;138.4615385;6
RT06_d0;Div1;Leg-;Leaf4;0;Bra_napus;450.3;2395.212766;188;6
RT06_d-12;Div1;Leg-;Leaf4;0;Lol_peren;8.4;36.6;229.5081967;6
RT06_d-15;Div1;Leg-;Leaf2;0;Bra_napus;255.6;1675.5;152.5514772;6
RT06_d-24;Div1;Leg-;Leaf3;0;Lol_peren;13.6;59.5;228.5714286;6
RT06_d-3;Div1;Leg-;Leaf3;0;Lol_peren;9.2;38.2;240.8376963;6
RT07_d+15;Div2;Leg-;Leaf4;0;Bra_napus;189.5;596.9;317.4736137;7
RT07_d+21;Div2;Leg-;Leaf3;0;Lol_peren;15.2;57.5;264.3478261;7
RT07_d+9;Div2;Leg-;Leaf3;0;Lol_peren;13.9;72.4;191.9889503;7
RT07_d0;Div2;Leg-;Leaf3;0;Bra_napus;366.3;2180;168.0275229;7
RT07_d-12;Div2;Leg-;Leaf4;0;Lol_peren;15.7;53.2;295.112782;7
RT07_d-15;Div2;Leg-;Leaf3;0;Bra_napus;164.8;639.2;257.8222778;7
RT07_d-24;Div2;Leg-;Limb;0;Lol_peren;21.5;88.7;242.3900789;7
RT07_d-3;Div2;Leg-;Leaf3;0;Lol_peren;8.7;33.2;262.0481928;7
RT08_d+21;Div3;Leg-;Leaf4;0;Lol_peren;30.3;175;173.1428571;8
RT08_d+9;Div3;Leg-;Leaf3;0;Lol_peren;18.8;92.2;203.9045553;8
RT08_d0;Div3;Leg-;Leaf3;0;Bra_napus;481.7;2265.5;212.6241448;8
RT08_d-12;Div3;Leg-;Leaf3;0;Lol_peren;30.9;125.7;245.823389;8
RT08_d-15;Div3;Leg-;Leaf3;0;Bra_napus;185;977.7;189.219597;8
RT08_d-24;Div3;Leg-;Leaf2;0;Lol_peren;13.3;58.5;227.3504274;8
RT08_d-3;Div3;Leg-;Leaf3;0;Lol_peren;15.8;62.2;254.0192926;8
RT09_d+21;Div0;Leg-;Leaf4;0;Lol_peren;30.5;123.1;247.7660439;9
RT09_d+9;Div0;Leg-;Leaf4;0;Lol_peren;23.6;76.5;308.496732;9
RT09_d0;Div0;Leg-;Leaf4;0;Bra_napus;343;1960.1;174.9910719;9
RT09_d-12;Div0;Leg-;Leaf3;0;Lol_peren;18;67.5;266.6666667;9
RT09_d-15;Div0;Leg-;Leaf3;0;Bra_napus;254.6;1425.7;178.5789437;9
RT09_d-24;Div0;Leg-;Leaf3;0;Lol_peren;9.3;38.2;243.4554974;9
RT09_d-3;Div0;Leg-;Leaf3;0;Lol_peren;8.4;30.6;274.5098039;9
RT10_d+15;Div1;Leg-;Leaf4;0;Bra_napus;286.7;1277.8;224.370011;10
RT10_d+21;Div1;Leg-;Leaf2;0;Lol_peren;5.9;22.4;263.3928571;10
RT10_d+9;Div1;Leg-;Leaf7;0;Lol_peren;22.2;92.7;239.4822006;10
RT10_d0;Div1;Leg-;Leaf4;0;Bra_napus;352.40495;1873;188.15;10
RT10_d-12;Div1;Leg-;Leaf3;0;Lol_peren;9.9;28.2;351.0638298;10
RT10_d-15;Div1;Leg-;Leaf3;0;Bra_napus;209.2;691.4;302.5744865;10
RT10_d-24;Div1;Leg-;Leaf3;0;Lol_peren;6.7;28.2;237.5886525;10
RT10_d-3;Div1;Leg-;Leaf3;0;Lol_peren;10.2;37.7;270.5570292;10
RT11_d+12;Div0;Leg+;Leaf3;0;Tri_alexa;9.6;49.8;192.7710843;11
RT11_d+15;Div0;Leg+;Leaf4;0;Bra_napus;130.7;871.1;150.0401791;11
RT11_d+21;Div0;Leg+;Leaf6;0;Tri_alexa;23.4;103.2;226.744186;11
RT11_d+6;Div0;Leg+;Leaf5;0;Tri_alexa;21.8;108.6;200.7366483;11
RT11_d+9;Div0;Leg+;Leaf3;0;Lol_peren;15.4;78.5;196.1783439;11
RT11_d0;Div0;Leg+;Leaf4;0;Bra_napus;580.9;3000.6;193.5946144;11
RT11_d-12;Div0;Leg+;Leaf1;0;Lol_peren;3.6;16.2;222.2222222;11
RT11_d-15;Div0;Leg+;Leaf2;0;Bra_napus;44.2;206.3;214.2510906;11
RT11_d-24;Div0;Leg+;Leaf2;0;Tri_alexa;3.5;16.35514019;214;11
RT11_d-3;Div0;Leg+;Leaf4;0;Tri_alexa;9;36.6;245.9016393;11
RT11_d-9;Div0;Leg+;Leaf5;0;Tri_alexa;24.6;108.5;226.7281106;11
RT12_d+12;Div1;Leg+;Leaf2;0;Tri_alexa;3.1;16.4;189.0243902;12
RT12_d+15;Div1;Leg+;Leaf4;0;Bra_napus;49.8;199.8;249.2492492;12
RT12_d+21;Div1;Leg+;Leaf4;0;Tri_alexa;13.6;54.4;250;12
RT12_d+9;Div1;Leg+;Leaf4;0;Lol_peren;21.4;70.4;303.9772727;12
RT12_d0;Div1;Leg+;Leaf5;0;Bra_napus;665.3;3382;196.7179184;12
RT12_d-12;Div1;Leg+;Leaf3;0;Lol_peren;6.8;31.5;215.8730159;12
RT12_d-15;Div1;Leg+;Leaf3;0;Bra_napus;123.1;421.5;292.0521945;12
RT12_d-18;Div1;Leg+;Leaf1;0;Tri_alexa;2.4;10.3;233.0097087;12
RT12_d-24;Div1;Leg+;Leaf2;0;Tri_alexa;4.1;16.5;248.4848485;12
RT12_d-3;Div1;Leg+;Leaf3;0;Tri_alexa;6.3;24.2;260.3305785;12
RT12_d-9;Div1;Leg+;Leaf2;0;Tri_alexa;4.2;18.7;224.5989305;12
RT13_d+12;Div2;Leg+;Leaf1;0;Tri_alexa;1.8;9.2;195.6521739;13
RT13_d+15;Div2;Leg+;Leaf3;0;Bra_napus;244.7;1045.5;234.0506934;13
RT13_d+21;Div2;Leg+;Leaf4;0;Tri_alexa;6.9;28.4;242.9577465;13
RT13_d+6;Div2;Leg+;Leaf4;0;Tri_alexa;5.9;26.4;223.4848485;13
RT13_d+9;Div2;Leg+;Leaf3;0;Lol_peren;29;103.7;279.6528447;13
RT13_d0;Div2;Leg+;Leaf4;0;Bra_napus;461.3;2230.4;206.8238881;13
RT13_d-12;Div2;Leg+;Leaf3;0;Lol_peren;6.9;23.3;296.1373391;13
RT13_d-15;Div2;Leg+;Leaf3;0;Bra_napus;241.7;859;281.3736903;13
RT13_d-18;Div2;Leg+;Leaf1;0;Tri_alexa;2.2;10.3;213.592233;13
RT13_d-24;Div2;Leg+;Leaf2;0;Tri_alexa;2.1;9.8;214.2857143;13
RT13_d-3;Div2;Leg+;Leaf3;0;Tri_alexa;3.8;16.4;231.7073171;13
RT13_d-9;Div2;Leg+;Leaf4;0;Tri_alexa;5;19.2;260.4166667;13
RT14_d+12;Div3;Leg+;Leaf1;0;Tri_alexa;2.6;12.2;213.1147541;14
RT14_d+15;Div3;Leg+;Leaf4;0;Bra_napus;253.7;1104.7;229.65511;14
RT14_d+6;Div3;Leg+;Leaf1;0;Tri_alexa;2.8;11.7;239.3162393;14
RT14_d+9;Div3;Leg+;Leaf2;0;Lol_peren;8.6;51.1;168.297456;14
RT14_d0;Div3;Leg+;Leaf3;0;Bra_napus;481.7;2262.2;212.9343117;14
RT14_d-12;Div3;Leg+;Leaf3;0;Lol_peren;17.1;74;231.0810811;14
RT14_d-15;Div3;Leg+;Leaf3;0;Bra_napus;69.6;334.9;207.8232308;14
RT14_d-3;Div3;Leg+;Leaf1;0;Tri_alexa;3.1;11.7;264.957265;14
RT14_d-9;Div3;Leg+;Leaf4;0;Tri_alexa;11.7;61.9;189.0145396;14
RT15_d+12;Div0;Leg+;Leaf4;0;Tri_alexa;8.5;37.1;229.1105121;15
RT15_d+15;Div0;Leg+;Leaf3;0;Bra_napus;198.8;1079.5;184.159333;15
RT15_d+21;Div0;Leg+;Leaf4;0;Tri_alexa;13.6;63.5;214.1732283;15
RT15_d+9;Div0;Leg+;Leaf3;0;Lol_peren;20.8;82.9;250.9047045;15
RT15_d0;Div0;Leg+;Leaf3;0;Bra_napus;319.8;1810.5;176.6362883;15
RT15_d-12;Div0;Leg+;Leaf3;0;Lol_peren;6.8;33.4;203.5928144;15
RT15_d-15;Div0;Leg+;Leaf2;0;Bra_napus;123.6;442.9;279.0697674;15
RT15_d-24;Div0;Leg+;Leaf3;0;Tri_alexa;4;14.5;275.862069;15
RT15_d-3;Div0;Leg+;Leaf3;0;Tri_alexa;3.5;16.35514019;214;15
RT16_d+12;Div1;Leg+;Leaf3;0;Tri_alexa;5.5;23.2;237.0689655;16
RT16_d+15;Div1;Leg+;Leaf3;0;Bra_napus;396.3;1564;253.3887468;16
RT16_d+21;Div1;Leg+;Leaf2;0;Tri_alexa;1.3;5.4;240.7407407;16
RT16_d+6;Div1;Leg+;Leaf1;0;Tri_alexa;3.3;16.4;201.2195122;16
RT16_d+9;Div1;Leg+;Leaf5;0;Lol_peren;17;60.5;280.9917355;16
RT16_d0;Div1;Leg+;Leaf4;0;Bra_napus;484.1;2163.3;223.7784866;16
RT16_d-12;Div1;Leg+;Leaf2;0;Lol_peren;3.7;16.8;220.2380952;16
RT16_d-18;Div1;Leg+;Leaf2;0;Tri_alexa;3.9;13.6;286.7647059;16
RT16_d-24;Div1;Leg+;Leaf1;0;Tri_alexa;2;9.4;212.7659574;16
RT17_d+21;Div2;Leg+;Leaf2;0;Tri_alexa;11.4;53.8;211.8959108;17
RT17_d+6;Div2;Leg+;Leaf2;0;Tri_alexa;6.4;32.1;199.376947;17
RT17_d+9;Div2;Leg+;Leaf4;0;Lol_peren;41.2;172.03;239.4931117;17
RT17_d0;Div2;Leg+;Leaf4;0;Bra_napus;47;199;236.1809045;17
RT17_d-12;Div2;Leg+;Leaf4;0;Lol_peren;23;91.1;252.4698134;17
RT17_d-15;Div2;Leg+;Leaf3;0;Bra_napus;490.9;2655;184.8964218;17
RT17_d-18;Div2;Leg+;Leaf1;0;Tri_alexa;2.8;13.86138614;202;17
RT17_d-24;Div2;Leg+;Leaf1;0;Tri_alexa;2.9;15;193.3333333;17
RT17_d-3;Div2;Leg+;Leaf5;0;Tri_alexa;24.3;123.9;196.125908;17
RT17_d-9;Div2;Leg+;Leaf2;0;Tri_alexa;3;14.5;206.8965517;17
RT18_d+12;Div3;Leg+;Leaf1;0;Tri_alexa;1.9;6.8;279.4117647;18
RT18_d+15;Div3;Leg+;Leaf3;0;Bra_napus;173.9;904.4;192.282176;18
RT18_d+21;Div3;Leg+;Leaf2;0;Tri_alexa;5.6;20;280;18
RT18_d+6;Div3;Leg+;Leaf4;0;Tri_alexa;4.9;22.6;216.8141593;18
RT18_d+9;Div3;Leg+;Leaf3;0;Lol_peren;16.3;78.7;207.115629;18
RT18_d0;Div3;Leg+;Leaf3;0;Bra_napus;274;1758.7;155.7968954;18
RT18_d-12;Div3;Leg+;Leaf3;0;Lol_peren;8;39.7;201.511335;18
RT18_d-15;Div3;Leg+;Leaf3;0;Bra_napus;127.4;660.1036269;193;18
RT18_d-18;Div3;Leg+;Leaf2;0;Tri_alexa;7.8;35.7;218.487395;18
RT18_d-24;Div3;Leg+;Leaf2;0;Tri_alexa;3.8;15.1;251.6556291;18
RT18_d-3;Div3;Leg+;Leaf2;0;Tri_alexa;2;8.7;229.8850575;18
RT19_d+12;Div0;Leg+;Leaf1;0;Tri_alexa;2.8;15.2;184.2105263;19
RT19_d+15;Div0;Leg+;Leaf3;0;Bra_napus;361.4;1241.8;291.0291512;19
RT19_d+6;Div0;Leg+;Leaf1;0;Tri_alexa;1.9;6.9;275.3623188;19
RT19_d+9;Div0;Leg+;Leaf3;0;Lol_peren;12.8;53.45;239.4761459;19
RT19_d0;Div0;Leg+;Leaf4;0;Bra_napus;336.3;2102.2;159.975264;19
RT19_d-12;Div0;Leg+;Leaf3;0;Lol_peren;10.6;37.2;284.9462366;19
RT19_d-15;Div0;Leg+;Leaf3;0;Bra_napus;246.1;940.4;261.6971501;19
RT19_d-18;Div0;Leg+;Leaf3;0;Tri_alexa;4.7;34.4;136.627907;19
RT19_d-3;Div0;Leg+;Leaf2;0;Tri_alexa;1.5;7.5;200;19
RT19_d-9;Div0;Leg+;Leaf2;0;Tri_alexa;2.3;11.3;203.539823;19
RT20_d+12;Div1;Leg+;Leaf3;0;Tri_alexa;10.9;43.8;248.8584475;20
RT20_d+15;Div1;Leg+;Leaf3;0;Bra_napus;197.4;767.4;257.2322127;20
RT20_d+21;Div1;Leg+;Leaf1;0;Tri_alexa;4.7;20.3;231.5270936;20
RT20_d+6;Div1;Leg+;Leaf1;0;Tri_alexa;3.3;13.9;237.4100719;20
RT20_d+9;Div1;Leg+;Leaf3;0;Lol_peren;34.8;114.1;304.9956179;20
RT20_d0;Div1;Leg+;Leaf3;0;Bra_napus;427;1818.8;234.7701781;20
RT20_d-12;Div1;Leg+;Leaf3;0;Lol_peren;23.8;81.9;290.5982906;20
RT20_d-15;Div1;Leg+;Leaf3;0;Bra_napus;399.5;2111.9;189.1661537;20
RT20_d-18;Div1;Leg+;Leaf1;0;Tri_alexa;1.5;7.4;202.7027027;20
RT20_d-24;Div1;Leg+;Leaf4;0;Tri_alexa;4.1;21.5;190.6976744;20
RT20_d-3;Div1;Leg+;Leaf1;0;Tri_alexa;2.7;11.7;230.7692308;20
RT20_d-9;Div1;Leg+;Leaf4;0;Tri_alexa;5.1;18.9;269.8412698;20
RT21_d+15;Div2;Leg-;Limb;0;Bra_napus;121.3;629.9;192.5702492;21
RT21_d+21;Div2;Leg-;Limb;0;Lol_peren;33.2;116.1;285.960379;21
RT21_d+9;Div2;Leg-;Limb;0;Lol_peren;25.5;102.7;248.2960078;21
RT21_d0;Div2;Leg-;Limb;0;Bra_napus;224.1;1004.4;223.1182796;21
RT21_d-12;Div2;Leg-;Limb;0;Lol_peren;5.9;22.5;262.2222222;21
RT21_d-15;Div2;Leg-;Limb;0;Bra_napus;302.939626;1676.2;180.73;21
RT21_d-24;Div2;Leg-;Limb;0;Lol_peren;9.8;42.3;231.678487;21
RT21_d-3;Div2;Leg-;Limb;0;Lol_peren;14.5;63.1;229.7939778;21
RT22_d+15;Div3;Leg-;Limb;0;Bra_napus;107.4;612.5;175.3469388;22
RT22_d+21;Div3;Leg-;Limb;0;Lol_peren;18.8;79.3;237.074401;22
RT22_d+9;Div3;Leg-;Limb;0;Lol_peren;17.5;70.2;249.2877493;22
RT22_d0;Div3;Leg-;Limb;0;Bra_napus;99.7;380.46;262.0512012;22
RT22_d-12;Div3;Leg-;Limb;0;Lol_peren;19.8;85.5;231.5789474;22
RT22_d-15;Div3;Leg-;Limb;0;Bra_napus;230.9;1480.63;155.9471306;22
RT22_d-24;Div3;Leg-;Limb;0;Lol_peren;16.7;61.7;270.6645057;22
RT22_d-3;Div3;Leg-;Limb;0;Lol_peren;20.7;81.4;254.2997543;22
RT23_d+15;Div0;Leg-;Limb;0;Bra_napus;149.9;921;162.7578719;23
RT23_d+21;Div0;Leg-;Limb;0;Lol_peren;26.9;100.2;268.4630739;23
RT23_d+9;Div0;Leg-;Limb;0;Lol_peren;16.6;83.5;198.8023952;23
RT23_d0;Div0;Leg-;Limb;0;Bra_napus;417.793541;2311.7;180.73;23
RT23_d-12;Div0;Leg-;Limb;0;Lol_peren;16.9;63.5;266.1417323;23
RT23_d-15;Div0;Leg-;Limb;0;Bra_napus;5;18.7;267.3796791;23
RT23_d-24;Div0;Leg-;Limb;0;Lol_peren;17.3;84.7;204.2502952;23
RT23_d-3;Div0;Leg-;Limb;0;Lol_peren;15.5;69;224.6376812;23
RT24_d+15;Div1;Leg-;Limb;0;Bra_napus;61.1;284.3;214.9138234;24
RT24_d+21;Div1;Leg-;Limb;0;Lol_peren;16.9;65.6;257.6219512;24
RT24_d+9;Div1;Leg-;Limb;0;Lol_peren;5.3;25.8;205.4263566;24
RT24_d0;Div1;Leg-;Limb;0;Bra_napus;203.628491;1126.7;180.73;24
RT24_d-12;Div1;Leg-;Limb;0;Lol_peren;25.6;90.2;283.8137472;24
RT24_d-15;Div1;Leg-;Limb;0;Bra_napus;100.9;352.9;285.9166903;24
RT24_d-24;Div1;Leg-;Limb;0;Lol_peren;18.3;81.1;225.647349;24
RT24_d-3;Div1;Leg-;Limb;0;Lol_peren;4.6;32.2;142.8571429;24
RT25_d+15;Div2;Leg-;Limb;0;Bra_napus;125.2;974.7;128.4497794;25
RT25_d+21;Div2;Leg-;Limb;0;Lol_peren;34.7;128.1;270.8821233;25
RT25_d+9;Div2;Leg-;Limb;0;Lol_peren;41.7;174.12;239.4900069;25
RT25_d0;Div2;Leg-;Limb;0;Bra_napus;173.7;846.8;205.1251771;25
RT25_d-12;Div2;Leg-;Limb;0;Lol_peren;11.8;48.5;243.2989691;25
RT25_d-15;Div2;Leg-;Limb;0;Bra_napus;197.8;1014;195.0690335;25
RT25_d-24;Div2;Leg-;Limb;0;Lol_peren;8.6;44.9;191.5367483;25
RT25_d-3;Div2;Leg-;Limb;0;Lol_peren;4.3;15.9;270.4402516;25
RT26_d+15;Div3;Leg-;Limb;0;Bra_napus;85.4;547.4;156.0102302;26
RT26_d+21;Div3;Leg-;Limb;0;Lol_peren;27.82;111.9;248.6148347;26
RT26_d+9;Div3;Leg-;Limb;0;Lol_peren;18.82;78.6;239.4402036;26
RT26_d0;Div3;Leg-;Limb;0;Bra_napus;327.4;2045.6;160.0508408;26
RT26_d-12;Div3;Leg-;Limb;0;Lol_peren;8.12;50.2;161.752988;26
RT26_d-15;Div3;Leg-;Limb;0;Bra_napus;205.27;765.6;268.1165099;26
RT26_d-24;Div3;Leg-;Limb;0;Lol_peren;9.18;35.5;258.5915493;26
RT26_d-3;Div3;Leg-;Limb;0;Lol_peren;9.37;40.4;231.9306931;26
RT27_d+15;Div0;Leg-;Limb;0;Bra_napus;316.6;1280.7;247.2085578;27
RT27_d+21;Div0;Leg-;Limb;0;Lol_peren;11.65;49.8;233.935743;27
RT27_d+9;Div0;Leg-;Limb;0;Lol_peren;16.16;66.7;242.2788606;27
RT27_d0;Div0;Leg-;Limb;0;Bra_napus;340.2;1895;179.525066;27
RT27_d-12;Div0;Leg-;Limb;0;Lol_peren;19.03;80.2;237.2817955;27
RT27_d-15;Div0;Leg-;Limb;0;Bra_napus;183.6;850;216;27
RT27_d-24;Div0;Leg-;Limb;0;Lol_peren;22.06;84.1;262.3067776;27
RT27_d-3;Div0;Leg-;Limb;0;Lol_peren;17.2;61.1;281.5057283;27
RT28_d+15;Div1;Leg-;Limb;0;Bra_napus;278.9;1380.5;202.0282506;28
RT28_d+21;Div1;Leg-;Limb;0;Lol_peren;29.37;125.5;234.0239044;28
RT28_d+9;Div1;Leg-;Limb;0;Lol_peren;27.85;118.4;235.2195946;28
RT28_d0;Div1;Leg-;Limb;0;Bra_napus;125.3;720.7;173.8587484;28
RT28_d-12;Div1;Leg-;Limb;0;Lol_peren;14.86;78.9;188.3396705;28
RT28_d-15;Div1;Leg-;Limb;0;Bra_napus;196.5;1081.1;181.7593192;28
RT28_d-24;Div1;Leg-;Limb;0;Lol_peren;7.89;36.2;217.9558011;28
RT28_d-3;Div1;Leg-;Limb;0;Lol_peren;32.69;139;235.1798561;28
RT29_d+15;Div2;Leg-;Limb;0;Bra_napus;189.9;1028.4;184.655776;29
RT29_d+21;Div2;Leg-;Limb;0;Lol_peren;21.18;78;271.5384615;29
RT29_d+9;Div2;Leg-;Limb;0;Lol_peren;23.07;96.2;239.8128898;29
RT29_d0;Div2;Leg-;Limb;0;Bra_napus;259.3;1312.5;197.5619048;29
RT29_d-12;Div2;Leg-;Limb;0;Lol_peren;9.14;45.5;200.8791209;29
RT29_d-15;Div2;Leg-;Limb;0;Bra_napus;270.7;1330;203.5338346;29
RT29_d-24;Div2;Leg-;Limb;0;Lol_peren;9.23;41.3;223.4866828;29
RT29_d-3;Div2;Leg-;Limb;0;Lol_peren;12.49;63.4;197.0031546;29
RT30_d+15;Div3;Leg-;Limb;0;Bra_napus;169.8;1010.5;168.0356259;30
RT30_d+21;Div3;Leg-;Limb;0;Lol_peren;14.09;64.8;217.4382716;30
RT30_d+9;Div3;Leg-;Limb;0;Lol_peren;13.34;60.6;220.1320132;30
RT30_d0;Div3;Leg-;Limb;0;Bra_napus;259.6;1203;215.7938487;30
RT30_d-12;Div3;Leg-;Limb;0;Lol_peren;18.66;90.8;205.5066079;30
RT30_d-15;Div3;Leg-;Limb;0;Bra_napus;218.6;1400.4;156.0982576;30
RT30_d-24;Div3;Leg-;Limb;0;Lol_peren;12.29;56.6;217.1378092;30
RT30_d-3;Div3;Leg-;Limb;0;Lol_peren;18.74;66.1;283.5098336;30
RT31_d+12;Div2;Leg+;Limb;0;Tri_alexa;2.45;9.4;260.6382979;31
RT31_d+15;Div2;Leg+;Limb;0;Bra_napus;232.9;1357;171.6285925;31
RT31_d+21;Div2;Leg+;Limb;0;Tri_alexa;6.82;26.9;253.5315985;31
RT31_d+6;Div2;Leg+;Limb;0;Tri_alexa;6.9;32.6;211.6564417;31
RT31_d+9;Div2;Leg+;Limb;0;Lol_peren;3.56;18.3;194.5355191;31
RT31_d0;Div2;Leg+;Limb;0;Bra_napus;379.6;2400;158.1666667;31
RT31_d-12;Div2;Leg+;Limb;0;Lol_peren;19.6;77.3;253.5575679;31
RT31_d-15;Div2;Leg+;Limb;0;Bra_napus;152.1;868.7;175.0892138;31
RT31_d-18;Div2;Leg+;Limb;0;Tri_alexa;8.25;35.6356;231.510063;31
RT31_d-24;Div2;Leg+;Limb;0;Tri_alexa;13.46;65.6;205.1829268;31
RT31_d-3;Div2;Leg+;Limb;0;Tri_alexa;3.13;13.4;233.5820896;31
RT31_d-9;Div2;Leg+;Limb;0;Tri_alexa;3.18;13.3;239.0977444;31
RT32_d+12;Div3;Leg+;Limb;0;Tri_alexa;9.84;46.1;213.4490239;32
RT32_d+15;Div3;Leg+;Limb;0;Bra_napus;222.3;978.4;227.207686;32
RT32_d+21;Div3;Leg+;Limb;0;Tri_alexa;16.04;68.3;234.8462665;32
RT32_d+6;Div3;Leg+;Limb;0;Tri_alexa;5.06;26.5;190.9433962;32
RT32_d+9;Div3;Leg+;Limb;0;Lol_peren;6.24;28.8;216.6666667;32
RT32_d0;Div3;Leg+;Limb;0;Bra_napus;98.86;368.9686;267.9360791;32
RT32_d-12;Div3;Leg+;Limb;0;Lol_peren;14.72;69.5;211.7985612;32
RT32_d-15;Div3;Leg+;Limb;0;Bra_napus;420.5;2353.2;178.6928438;32
RT32_d-18;Div3;Leg+;Limb;0;Tri_alexa;3.08;15.7;196.1783439;32
RT32_d-24;Div3;Leg+;Limb;0;Tri_alexa;5.64;26.4;213.6363636;32
RT32_d-9;Div3;Leg+;Limb;0;Tri_alexa;5.3;21;252.3809524;32
RT33_d+12;Div0;Leg+;Limb;0;Tri_alexa;5.03;21.8;230.733945;33
RT33_d+15;Div0;Leg+;Limb;0;Bra_napus;261.8;1357;192.9255711;33
RT33_d+21;Div0;Leg+;Limb;0;Tri_alexa;3.49;16.4;212.804878;33
RT33_d+9;Div0;Leg+;Limb;0;Lol_peren;6.5;41.5;156.626506;33
RT33_d0;Div0;Leg+;Limb;0;Bra_napus;361.1;1344.5;268.5756787;33
RT33_d-12;Div0;Leg+;Limb;0;Lol_peren;15.01;69.9;214.7353362;33
RT33_d-15;Div0;Leg+;Limb;0;Bra_napus;309.6;1694.5;182.7087636;33
RT33_d-18;Div0;Leg+;Limb;0;Tri_alexa;12.44;63.9;194.6791862;33
RT33_d-24;Div0;Leg+;Limb;0;Tri_alexa;15.06;74.4;202.4193548;33
RT33_d-3;Div0;Leg+;Limb;0;Tri_alexa;6.42;26.6;241.3533835;33
RT33_d-9;Div0;Leg+;Limb;0;Tri_alexa;2.09;9.8;213.2653061;33
RT34_d+12;Div1;Leg+;Limb;0;Tri_alexa;3.24;16.2;200;34
RT34_d+15;Div1;Leg+;Limb;0;Bra_napus;186.8;791.9;235.8883697;34
RT34_d+21;Div1;Leg+;Limb;0;Tri_alexa;9.82;39.5;248.6075949;34
RT34_d+9;Div1;Leg+;Limb;0;Lol_peren;7.55;47.8;157.9497908;34
RT34_d0;Div1;Leg+;Limb;0;Bra_napus;345.302738;1910.6;180.73;34
RT34_d-12;Div1;Leg+;Limb;0;Lol_peren;17.95;81.2;221.0591133;34
RT34_d-15;Div1;Leg+;Limb;0;Bra_napus;320.7;1580.7;202.8847979;34
RT34_d-18;Div1;Leg+;Limb;0;Tri_alexa;2.91;13.4;217.1641791;34
RT34_d-24;Div1;Leg+;Limb;0;Tri_alexa;4.3;18.3;234.9726776;34
RT34_d-6;Div1;Leg+;Limb;0;Ver_persi;0.8;4.8;166.6666667;34
RT34_d-9;Div1;Leg+;Limb;0;Tri_alexa;4.48;17.4;257.4712644;34
RT35_d+15;Div2;Leg+;Limb;0;Bra_napus;350.6;2021;173.478476;35
RT35_d+21;Div2;Leg+;Limb;0;Tri_alexa;5.5;21.8;252.293578;35
RT35_d+6;Div2;Leg+;Limb;0;Tri_alexa;2.9;17.2;168.6046512;35
RT35_d+9;Div2;Leg+;Limb;0;Lol_peren;3.5;18.9;185.1851852;35
RT35_d0;Div2;Leg+;Limb;0;Bra_napus;252.7;1144.4;220.8144006;35
RT35_d-12;Div2;Leg+;Limb;0;Lol_peren;11.1;45.9;241.8300654;35
RT35_d-15;Div2;Leg+;Limb;0;Bra_napus;167.3;880;190.1136364;35
RT35_d-18;Div2;Leg+;Limb;0;Tri_alexa;3.1;15.5;200;35
RT35_d-24;Div2;Leg+;Limb;0;Tri_alexa;3.6;18.3;196.7213115;35
RT35_d-3;Div2;Leg+;Limb;0;Tri_alexa;5.3;26.8;197.761194;35
RT35_d-9;Div2;Leg+;Limb;0;Tri_alexa;3.7;17.2;215.1162791;35
RT36_d+12;Div3;Leg+;Limb;0;Tri_alexa;8.4;45.8;183.4061135;36
RT36_d+15;Div3;Leg+;Limb;0;Bra_napus;423.1;2412.6;175.3709691;36
RT36_d+21;Div3;Leg+;Limb;0;Tri_alexa;19.1;83.6;228.4688995;36
RT36_d+6;Div3;Leg+;Limb;0;Tri_alexa;3.9;17.6;221.5909091;36
RT36_d+9;Div3;Leg+;Limb;0;Lol_peren;10.1;45.9;220.043573;36
RT36_d-12;Div3;Leg+;Limb;0;Lol_peren;43;195.6;219.8364008;36
RT36_d-15;Div3;Leg+;Limb;0;Bra_napus;150.2;935.94501;160.4795136;36
RT36_d-18;Div3;Leg+;Limb;0;Tri_alexa;4.2;20.9;200.9569378;36
RT36_d-24;Div3;Leg+;Limb;0;Tri_alexa;25;121.7;205.4231717;36
RT36_d-3;Div3;Leg+;Limb;0;Tri_alexa;19.7;82.7;238.210399;36
RT36_d-9;Div3;Leg+;Limb;0;Tri_alexa;9.7;48.6;199.5884774;36
RT37_d+12;Div0;Leg+;Limb;0;Tri_alexa;11.9;58.3;204.1166381;37
RT37_d+15;Div0;Leg+;Limb;0;Bra_napus;256.9;1141.8;224.9956209;37
RT37_d+21;Div0;Leg+;Limb;0;Tri_alexa;6;28.1;213.5231317;37
RT37_d+6;Div0;Leg+;Limb;0;Tri_alexa;7.9;43.6;181.1926606;37
RT37_d+9;Div0;Leg+;Limb;0;Lol_peren;12.1;62.4;193.9102564;37
RT37_d0;Div0;Leg+;Limb;0;Bra_napus;267;1398.6;190.9051909;37
RT37_d-12;Div0;Leg+;Limb;0;Lol_peren;13.3;59.1;225.0423012;37
RT37_d-15;Div0;Leg+;Limb;0;Bra_napus;55.2;207.2;266.4092664;37
RT37_d-18;Div0;Leg+;Limb;0;Tri_alexa;3.2;15.1;211.9205298;37
RT37_d-24;Div0;Leg+;Limb;0;Tri_alexa;10.4;48;216.6666667;37
RT37_d-3;Div0;Leg+;Limb;0;Tri_alexa;7.5;36.4;206.043956;37
RT37_d-9;Div0;Leg+;Limb;0;Tri_alexa;7.2;33.5;214.9253731;37
RT38_d+15;Div1;Leg+;Limb;0;Bra_napus;309.2;1370.9;225.5452622;38
RT38_d+6;Div1;Leg+;Limb;0;Tri_alexa;4.1;18.3;224.0437158;38
RT38_d+9;Div1;Leg+;Limb;0;Lol_peren;9.3;41.2;225.7281553;38
RT38_d0;Div1;Leg+;Limb;0;Bra_napus;347.4;1596.9;217.5464963;38
RT38_d-12;Div1;Leg+;Limb;0;Lol_peren;7.3;35.2;207.3863636;38
RT38_d-15;Div1;Leg+;Limb;0;Bra_napus;85.9;346;248.265896;38
RT38_d-18;Div1;Leg+;Limb;0;Tri_alexa;27.4;115;238.2608696;38
RT38_d-24;Div1;Leg+;Limb;0;Tri_alexa;11.3;50.2;225.0996016;38
RT38_d-3;Div1;Leg+;Limb;0;Tri_alexa;3.3;16.4;201.2195122;38
RT38_d-9;Div1;Leg+;Limb;0;Tri_alexa;3.4;13.8;246.3768116;38
RT39_d+12;Div2;Leg+;Limb;0;Tri_alexa;4.6;24.4;188.5245902;39
RT39_d+15;Div2;Leg+;Limb;0;Bra_napus;189.4;1032.4;183.4560248;39
RT39_d+21;Div2;Leg+;Limb;0;Tri_alexa;7.4;33.4;221.5568862;39
RT39_d+6;Div2;Leg+;Limb;0;Tri_alexa;6.1;31.8;191.8238994;39
RT39_d+9;Div2;Leg+;Limb;0;Lol_peren;7.9;46.1;171.3665944;39
RT39_d0;Div2;Leg+;Limb;0;Bra_napus;140.1;566.2;247.4390675;39
RT39_d-12;Div2;Leg+;Limb;0;Lol_peren;15;69.3;216.4502165;39
RT39_d-15;Div2;Leg+;Limb;0;Bra_napus;276.3;1233.6;223.9785992;39
RT39_d-18;Div2;Leg+;Limb;0;Tri_alexa;10;47;212.7659574;39
RT39_d-24;Div2;Leg+;Limb;0;Tri_alexa;4.3;18.2;236.2637363;39
RT39_d-3;Div2;Leg+;Limb;0;Tri_alexa;7.4;34.2;216.374269;39
RT39_d-9;Div2;Leg+;Limb;0;Tri_alexa;10.6;49.2;215.4471545;39
RT40_d+12;Div3;Leg+;Limb;0;Tri_alexa;14.6;69.3;210.6782107;40
RT40_d+15;Div3;Leg+;Limb;0;Bra_napus;320.6;2337;137.1844245;40
RT40_d+6;Div3;Leg+;Limb;0;Tri_alexa;4.2;16.5;254.5454545;40
RT40_d+9;Div3;Leg+;Limb;0;Lol_peren;14.9;72.8;204.6703297;40
RT40_d0;Div3;Leg+;Limb;0;Bra_napus;165;727.8;226.7106348;40
RT40_d-12;Div3;Leg+;Limb;0;Lol_peren;27.9;114.1;244.5223488;40
RT40_d-15;Div3;Leg+;Limb;0;Bra_napus;308.1;1940.9;158.7407904;40
RT40_d-18;Div3;Leg+;Limb;0;Tri_alexa;11.8;51;231.372549;40
RT40_d-9;Div3;Leg+;Limb;0;Tri_alexa;5;17.3;289.017341;40
RT41_d+15;Div1;Leg-;Limb;0;Bra_napus;195.4;1428.6;136.7772645;41
RT41_d+21;Div1;Leg-;Limb;0;Lol_peren;;;;41
RT41_d+9;Div1;Leg-;Limb;0;Lol_peren;23.44;107.3;218.4529357;41
RT41_d0;Div1;Leg-;Limb;0;Bra_napus;199.5;1454;137.2077029;41
RT41_d-12;Div1;Leg-;Limb;0;Lol_peren;15.57;70.9;219.6050776;41
RT41_d-15;Div1;Leg-;Limb;0;Bra_napus;96.22;549.2;175.2002913;41
RT41_d-24;Div1;Leg-;Limb;0;Lol_peren;20.71;88.4;234.2760181;41
RT41_d-3;Div1;Leg-;Limb;0;Lol_peren;19.2;102.6;187.1345029;41
RT42_d+15;Div2;Leg+;Limb;0;Bra_napus;159.8;1062.5;150.4;42
RT42_d+21;Div2;Leg+;Limb;0;Tri_alexa;17.84;92.1;193.7024973;42
RT42_d+6;Div2;Leg+;Limb;0;Tri_alexa;11.64;58;200.6896552;42
RT42_d+9;Div2;Leg+;Limb;0;Lol_peren;20.5;96.8;211.7768595;42
RT42_d0;Div2;Leg+;Limb;0;Bra_napus;117.9;869;135.6731876;42
RT42_d-12;Div2;Leg+;Limb;0;Lol_peren;19.46;82.6;235.5932203;42
RT42_d-15;Div2;Leg+;Limb;0;Bra_napus;238.3;1825.5;130.5395782;42
RT42_d-24;Div2;Leg+;Limb;0;Tri_alexa;8.87;32.1;276.3239875;42
RT42_d-9;Div2;Leg+;Limb;0;Tri_alexa;11.43;47.5;240.6315789;42
