Nom;Code analyse N;id_taxo;distance;org;RT;leg;div;Pcont;Ncont;DM
1954B;1954_B_PA_BN0;Bra_napus;0;Leaves;1;Leg-;Div0;1.81973854636591;1.3761;462.2
979C;979_C_PA BN0;Bra_napus;0;Leaves;4;Leg-;Div3;1.96268979060879;2.819;2184.9
971C;971_C_PA BN0;Bra_napus;0;Leaves;7;Leg-;Div2;1.77156166970533;2.748;2330.1
974C;974_C_PA BN0;Bra_napus;0;Leaves;10;Leg-;Div1;1.6630015037594;2.1744;2651.3
1032C;1032_C_PA BN0;Bra_napus;0;Leaves;13;Leg+;Div2;1.76322386483106;2.3969;1599.6
1035C;1035_C_PA BN0;Bra_napus;0;Leaves;16;Leg+;Div1;2.04210406732537;2.2954;1946.7
977C;977_C_PA BN0;Bra_napus;0;Leaves;19;Leg+;Div0;1.73290557069966;2.2114;1098.1
46B;46_B_PA BN0;Bra_napus;0;Leaves;22;Leg-;Div3;2.48424934591969;1.6738;228
42C;42_C_PA BN0;Bra_napus;0;Leaves;25;Leg-;Div2;1.87721779297338;2.9722;925
20C;20_C_PA BN0;Bra_napus;0;Leaves;28;Leg-;Div1;2.021055839599;3.262;419.5
12C;12_C_PA BN0;Bra_napus;0;Leaves;31;Leg+;Div2;2.1435544773758;3.5154;1944.3
30C;30_C_PA BN0;Bra_napus;0;Leaves;34;Leg+;Div1;2.19499949874687;2.8355;1081.1
40C;40_C_PA BN0;Bra_napus;0;Leaves;40;Leg+;Div3;1.79869593500855;2.232;933.4
976C;976_C_PA BN0;Bra_napus;0;Leaves;2;Leg-;Div1;1.7627852065293;3.7768;1131
967C;967_C_PA BN0;Bra_napus;0;Leaves;5;Leg-;Div0;1.73056153357446;2.7774;2279.8
972C;972_C_PA BN0;Bra_napus;0;Leaves;8;Leg-;Div3;1.38249944862155;2.3509;1747.3
980C;980_C_PA BN0;Bra_napus;0;Leaves;11;Leg+;Div0;1.94081705257179;2.086;2747.5
973C;973_C_PA BN0;Bra_napus;0;Leaves;14;Leg+;Div3;2.07560992481203;2.3387;1898.6
1955B;1955_B_PA BN0;Bra_napus;0;Leaves;17;Leg+;Div2;2.48925976914116;1.9509;103.5
981C;981_C_PA BN0;Bra_napus;0;Leaves;20;Leg+;Div1;1.88184786020718;2.0014;1266
59C;59_C_PA BN0;Bra_napus;0;Leaves;23;Leg-;Div0;2.8548;3.3308;744.2
34C;34_C_PA BN0;Bra_napus;0;Leaves;26;Leg-;Div3;1.95115333243288;3.5748;988
15C;15_C_PA BN0;Bra_napus;0;Leaves;29;Leg-;Div2;2.19131443065495;2.9049;942.2
26B;26_B_PA BN0;Bra_napus;0;Leaves;32;Leg+;Div3;2.4661;1.4367;249.7
56C;56_C_PA BN0;Bra_napus;0;Leaves;35;Leg+;Div2;2.32512653402891;2.2151;968
1C;1_C_PA BN0;Bra_napus;0;Leaves;41;Leg-;Div1;1.51539845630011;3.6947;848.5
975C;975_C_PA BN0;Bra_napus;0;Leaves;3;Leg-;Div2;1.90304777849196;2.7957;2106.5
970C;970_C_PA BN0;Bra_napus;0;Leaves;6;Leg-;Div1;1.89134479485286;2.6959;1562.9
1026C;1026_C_PA BN0;Bra_napus;0;Leaves;9;Leg-;Div0;2.1811947198674;2.8397;1147.2
982C;982_C_PA BN0;Bra_napus;0;Leaves;12;Leg+;Div1;1.5346748344966;2.0638;3346.2
968C;968_C_PA BN0;Bra_napus;0;Leaves;15;Leg+;Div0;1.68357570573139;2.2872;2108.5
978C;978_C_PA BN0;Bra_napus;0;Leaves;18;Leg+;Div3;1.93531238454703;2.9979;1473.2
47C;47_C_PA BN0;Bra_napus;0;Leaves;21;Leg-;Div2;1.98622749717235;2.753;1390.1
32C;32_C_PA BN0;Bra_napus;0;Leaves;24;Leg-;Div1;2.27910135338346;3.4335;2094.8
23C;23_C_PA BN0;Bra_napus;0;Leaves;27;Leg-;Div0;1.89327627686451;3.0101;1146.7
7C;7_C_PA BN0;Bra_napus;0;Leaves;30;Leg-;Div3;1.93826482373599;2.8279;562.4
22C;22_C_PA BN0;Bra_napus;0;Leaves;33;Leg+;Div0;1.80747127819549;1.5817;893.5
44C;44_C_PA BN0;Bra_napus;0;Leaves;37;Leg+;Div0;2.14711729622266;2.86;1269.6
4C;4_C_PA BN0;Bra_napus;0;Leaves;42;Leg+;Div2;2.29444151460816;4.0166;425.9
1951B;1951_B_LM BN0;Bra_napus;0;Limb;1;Leg-;Div0;1.46564626898525;1.1757;192.6
952C;952_C_LM BN0;Bra_napus;0;Limb;4;Leg-;Div3;1.39385243475921;2.3866;503.5
955C;955_C_LM BN0;Bra_napus;0;Limb;8;Leg-;Div3;1.1660277923992;2.124;481.7
963C;963_C_LM BN0;Bra_napus;0;Limb;18;Leg+;Div3;1.42591546999736;2.7806;274
956C;956_C_LM BN0;Bra_napus;0;Limb;9;Leg-;Div0;1.65178307592873;2.8017;343
959C;959_C_LM BN0;Bra_napus;0;Limb;13;Leg+;Div2;1.33474252780606;2.413;461.3
958C;958_C_LM BN0;Bra_napus;0;Limb;12;Leg+;Div1;1.38409088394707;2.2573;665.3
1019C;1019_C_R BN0;Bra_napus;0;Fine roots;3;Leg-;Div2;1.86720360473946;1.8064;786.2
1004C;1004_C_R BN0;Bra_napus;0;Fine roots;6;Leg-;Div1;2.10707022745038;1.9254;980
1986B;1986_B_R BN0;Bra_napus;0;Fine roots;9;Leg-;Div0;1.98068503266118;2.0121;470.7
1012C;1012_C_R BN0;Bra_napus;0;Fine roots;12;Leg+;Div1;2.07031377811488;1.9079;1338.6
1007C;1007_C_R BN0;Bra_napus;0;Fine roots;15;Leg+;Div0;2.18823049678215;2.0259;1060
1000C;1000_C_R BN0;Bra_napus;0;Fine roots;18;Leg+;Div3;1.65544900630499;1.7657;773.7
950C;950_C_LM BN0;Bra_napus;0;Limb;2;Leg-;Div1;1.41057803127245;3.3412;262.4
953C;953_C_LM BN0;Bra_napus;0;Limb;5;Leg-;Div0;1.19912925537559;2.3894;389.6
960C;960_C_LM BN0;Bra_napus;0;Limb;14;Leg+;Div3;1.65177195858992;2.2719;481.7
964C;964_C_LM BN0;Bra_napus;0;Limb;20;Leg+;Div1;1.76532437369645;2.4384;427
1953B;1953_B_LM BN0;Bra_napus;0;Limb;10;Leg-;Div1;1.30921254868934;;352.40495
962C;962_C_LM BN0;Bra_napus;0;Limb;16;Leg+;Div1;1.28142500419534;1.7877;484.1
1980B;1980_B_R BN0;Bra_napus;0;Fine roots;1;Leg-;Div0;2.1839192440031;1.9857;127.6
1016C;1016_C_R BN0;Bra_napus;0;Fine roots;4;Leg-;Div3;2.12342028750643;2.0696;1149.1
1010C;1010_C_R BN0;Bra_napus;0;Fine roots;7;Leg-;Div2;2.26155605472738;2.025;1180.8
1006C;1006_C_R BN0;Bra_napus;0;Fine roots;10;Leg-;Div1;2.51909052627549;2.2778;1051.3
1008C;1008_C_R BN0;Bra_napus;0;Fine roots;13;Leg+;Div2;1.81206816911902;1.7702;754
1003C;1003_C_R BN0;Bra_napus;0;Fine roots;16;Leg+;Div1;2.32154059208004;2.2555;1017.7
1988B;1988_B_R BN0;Bra_napus;0;Fine roots;19;Leg+;Div0;1.879695943946;2.0018;467.7
951C;951_C_LM BN0;Bra_napus;0;Limb;3;Leg-;Div2;1.22658268980042;2.1763;315.2
954C;954_C_LM BN0;Bra_napus;0;Limb;7;Leg-;Div2;1.19971882987788;2.2225;366.3
961C;961_C_LM BN0;Bra_napus;0;Limb;15;Leg+;Div0;1.34425505394215;1.7583;319.8
965C;965_C_LM BN0;Bra_napus;0;Limb;6;Leg-;Div1;1.12577714381608;1.6009;450.3
957C;957_C_LM BN0;Bra_napus;0;Limb;11;Leg+;Div0;1.70491314213408;2.1392;580.9
1952B;1952_B_LM BN0;Bra_napus;0;Limb;17;Leg+;Div2;2.8624666380605;2.3605;47
1017C;1017_C_R BN0;Bra_napus;0;Fine roots;2;Leg-;Div1;1.92514320933304;2.0647;596.6
1013C;1013_C_R BN0;Bra_napus;0;Fine roots;5;Leg-;Div0;2.1847853735628;1.9573;1177.6
1005C;1005_C_R BN0;Bra_napus;0;Fine roots;8;Leg-;Div3;1.84933607171682;2.0229;702.5
1011C;1011_C_R BN0;Bra_napus;0;Fine roots;11;Leg+;Div0;2.30244606501712;1.9925;1218
1009C;1009_C_R BN0;Bra_napus;0;Fine roots;14;Leg+;Div3;2.35585254380561;2.034;1087.2
1951A;1951_A_R BN0;Bra_napus;0;Fine roots;17;Leg+;Div2;2.99124468441254;2.8051;41.5
276B;276_B_R BN0;Bra_napus;0;Fine roots;21;Leg-;Div2;2.30470186924939;1.9774;652
2041B;2041_B_R BN0;Bra_napus;0;Fine roots;22;Leg-;Div3;3.14327349152542;2.0191;64.6
81B;81_B_R BN0;Bra_napus;0;Fine roots;25;Leg-;Div2;2.23577847237508;2.1865;505.1
2105B;2105_B_R BN0;Bra_napus;0;Fine roots;28;Leg-;Div1;2.35443860672715;2.1472;115.3
1030C;1030_C_R BN0;Bra_napus;0;Fine roots;31;Leg+;Div2;2.18163484144341;2.0925;937.4
1038C;1038_C_R BN0;Bra_napus;0;Fine roots;33;Leg+;Div0;2.73314035772866;2.1063;540.3
1024C;1024_C_R BN0;Bra_napus;0;Fine roots;37;Leg+;Div0;2.27652564474066;2.0792;632
2090B;2090_B_R BN0;Bra_napus;0;Fine roots;41;Leg-;Div1;2.16458889657558;2.1079;302.5
1982B;1982_B_R BN0;Bra_napus;0;Taproot;1;Leg-;Div0;3.01226828475353;1.7775;73.6
1014C;1014_C_R BN0;Bra_napus;0;Taproot;3;Leg-;Div2;1.86053830393856;2.045;354.2
1999B;1999_B_R BN0;Bra_napus;0;Taproot;6;Leg-;Div1;1.74676474342423;1.8985;283.2
254B;254_B_R BN0;Bra_napus;0;Fine roots;23;Leg-;Div0;2.85405816039447;2.2588;244.8
255B;255_B_R BN0;Bra_napus;0;Fine roots;26;Leg-;Div3;2.17048781794886;2.1866;430.7
1023C;1023_C_R BN0;Bra_napus;0;Fine roots;29;Leg-;Div2;2.35710086213951;1.9392;503.8
2101B;2101_B_R BN0;Bra_napus;0;Fine roots;32;Leg+;Div3;3.0243388053402;2.21766;82.4
1039C;1039_C_R BN0;Bra_napus;0;Fine roots;34;Leg+;Div1;2.51623572848623;2.6748;429.9
1022C;1022_C_R BN0;Bra_napus;0;Fine roots;38;Leg+;Div1;2.09705;2.1232;659.2
2081B;2081_B_R BN0;Bra_napus;0;Fine roots;42;Leg+;Div2;2.36131010031131;2.279;169.7
1989B;1989_B_R BN0;Bra_napus;0;Taproot;2;Leg-;Div1;1.84127539804828;2.6094;122.9
1018C;1018_C_R BN0;Bra_napus;0;Taproot;4;Leg-;Div3;1.92801437288136;1.9374;309.9
1993B;1993_B_R BN0;Bra_napus;0;Taproot;7;Leg-;Div2;1.75045278450363;2.0618;333.3
1027C;1027_C_R BN0;Bra_napus;0;Fine roots;24;Leg-;Div1;2.2368307959135;2.0122;1083.1
216B;216_B_R BN0;Bra_napus;0;Fine roots;27;Leg-;Div0;2.18046492955102;2.0923;332.8
2098B;2098_B_R BN0;Bra_napus;0;Fine roots;30;Leg-;Div3;2.44697495383926;2.4885;241.3
2102B;2102_B_R BN0;Bra_napus;0;Fine roots;32;Leg+;Div3;2.81603717246179;1.8585;23.6
1033C;1033_C_R BN0;Bra_napus;0;Fine roots;35;Leg+;Div2;2.31326108710374;2.0618;469.2
2087B;2087_B_R BN0;Bra_napus;0;Fine roots;40;Leg+;Div3;2.39548038644645;1.9387;238.7
2100B;2100_B_R BN0;Bra_napus;0;Fine roots;42;Leg+;Div2;2.45355483001545;2.279;169.7
106B;106_B_R BN0;Bra_napus;0;Fine roots;39;Leg+;Div2;2.55932348570844;2.3017;314
1015C;1015_C_R BN0;Bra_napus;0;Taproot;5;Leg-;Div0;2.17263633130502;1.9971;385.9
1994B;1994_B_R BN0;Bra_napus;0;Taproot;8;Leg-;Div3;2.01441601577755;1.9185;238.6
1990B;1990_B_R BN0;Bra_napus;0;Taproot;9;Leg-;Div0;2.07057850707851;2.3238;192.4
2333B;2333_B_R BN0;Bra_napus;0;Taproot;12;Leg+;Div1;1.56032868352223;1.8607;318.3
1992B;1992_B_R BN0;Bra_napus;0;Taproot;15;Leg+;Div0;1.77409741215319;1.8371;332
1984B;1984_B_R BN0;Bra_napus;0;Taproot;19;Leg+;Div0;1.86622328320937;2.0233;101.1
2053B;2053_B_R BN0;Bra_napus;0;Taproot;22;Leg-;Div3;-0.281550650925651;1.6888;29.5
2114B;2114_B_R BN0;Bra_napus;0;Taproot;25;Leg-;Div2;1.57018372261937;1.9684;76.7
2106B;2106_B_R BN0;Bra_napus;0;Taproot;28;Leg-;Div1;2.10434590126898;2.7149;78.9
226B;226_B_R BN0;Bra_napus;0;Taproot;31;Leg+;Div2;1.9706;2.3793;363
256B;256_B_R BN0;Bra_napus;0;Taproot;37;Leg+;Div0;2.16574421812745;2.1753;230.1
2089B;2089_B_R BN0;Bra_napus;0;Taproot;40;Leg+;Div3;2.26365803861004;2.1991;135.4
471A;471_A_LM BN0;Bra_napus;0;Limb;22;Leg-;Div3;1.38040466002791;1.4566;99.7
104B;104_B_LM BN0;Bra_napus;0;Limb;25;Leg-;Div2;1.20667519109624;2.3661;173.7
145B;145_B_LM BN0;Bra_napus;0;Limb;28;Leg-;Div1;1.11976695534464;2.9084;125.3
2334B;2334_B_R BN0;Bra_napus;0;Taproot;10;Leg-;Div1;2.52089006779558;2.19615;321.4
1997B;1997_B_R BN0;Bra_napus;0;Taproot;13;Leg+;Div2;1.55335580114528;2.0282;242.8
1985B;1985_B_R BN0;Bra_napus;0;Taproot;16;Leg+;Div1;1.84716256370656;1.8852;330.7
1983B;1983_B_R BN0;Bra_napus;0;Taproot;20;Leg+;Div1;2.06735472811127;1.6648;121.6
2121B;2121_B_R BN0;Bra_napus;0;Taproot;23;Leg-;Div0;3.9962;2.4965;94.7
279B;279_B_R BN0;Bra_napus;0;Taproot;26;Leg-;Div3;2.29319837766053;2.8991;158.8
2111B;2111_B_R BN0;Bra_napus;0;Taproot;29;Leg-;Div2;2.11157415825964;2.207;137.9
2109B;2109_B_R BN0;Bra_napus;0;Taproot;34;Leg+;Div1;1.54740191688695;2.2324;191.2
2086B;2086_B_R BN0;Bra_napus;0;Taproot;38;Leg+;Div1;1.94370968339768;2.3878;259.1
2092B;2092_B_R BN0;Bra_napus;0;Taproot;41;Leg-;Div1;1.77485042127147;2.6667;101.2
67B;67_B_LM BN0;Bra_napus;0;Limb;23;Leg-;Div0;2.08651925411357;2.5251;417.793541
121B;121_B_LM BN0;Bra_napus;0;Limb;26;Leg-;Div3;1.10914807765512;3.6333;327.4
125B;125_B_LM BN0;Bra_napus;0;Limb;29;Leg-;Div2;1.27995027027027;2.681;259.3
2330B;2330_B_R BN0;Bra_napus;0;Taproot;11;Leg+;Div0;2.07102609567818;1.7135;342.8
1998B;1998_B_R BN0;Bra_napus;0;Taproot;14;Leg+;Div3;2.26992006263577;1.9987;276.1
1981B;1981_B_R BN0;Bra_napus;0;Taproot;18;Leg+;Div3;2.10228193291666;2.3466;145.5
287B;287_B_R BN0;Bra_napus;0;Taproot;21;Leg-;Div2;1.81058781378781;2.0502;307.2
292B;292_B_R BN0;Bra_napus;0;Taproot;24;Leg-;Div1;1.8825145813423;2.4589;316.6
2118B;2118_B_R BN0;Bra_napus;0;Taproot;27;Leg-;Div0;2.12134282854283;2.3702;218
2103B;2103_B_R BN0;Bra_napus;0;Taproot;30;Leg-;Div3;1.72129412770057;2.3471;94.4
2112B;2112_B_R BN0;Bra_napus;0;Taproot;35;Leg+;Div2;2.03123268775688;1.9422;127.7
2093B;2093_B_R BN0;Bra_napus;0;Taproot;39;Leg+;Div2;2.10730476118777;1.8136;53.2
68B;68_B_LM BN0;Bra_napus;0;Limb;21;Leg-;Div2;1.01824601882433;1.9196;224.1
80B;80_B_LM BN0;Bra_napus;0;Limb;24;Leg-;Div1;1.34511153406928;3.1876;203.628491
122B;122_B_LM BN0;Bra_napus;0;Limb;27;Leg-;Div0;1.41167241184041;2.8749;340.2
127B;127_B_LM BN0;Bra_napus;0;Limb;30;Leg-;Div3;1.4964174582746;3.0323;259.6
150B;150_B_LM BN0;Bra_napus;0;Limb;31;Leg+;Div2;1.38918021370927;3.2538;379.6
133B;133_B_LM BN0;Bra_napus;0;Limb;34;Leg+;Div1;1.57882379362857;2.9046;345.302738
110B;110_B_LM BN0;Bra_napus;0;Limb;38;Leg+;Div1;1.39636144144144;2.6532;347.4
158B;158_B_LM BN0;Bra_napus;0;Limb;41;Leg-;Div1;1.12211827669253;4.0742;199.5
1969B;1969_B_T BN0;Bra_napus;0;Stem;2;Leg-;Div1;1.78339552555121;3.296;142.1
1956B;1956_B_T BN0;Bra_napus;0;Stem;5;Leg-;Div0;1.97624685763608;2.4936;228.5
1961B;1961_B_T BN0;Bra_napus;0;Stem;8;Leg-;Div3;1.5751638036668;2.1897;201.6
1972B;1972_B_T BN0;Bra_napus;0;Stem;11;Leg+;Div0;2.18576676014905;1.5109;232.6
1962B;1962_B_T BN0;Bra_napus;0;Stem;14;Leg+;Div3;2.03104495700069;2.1595;210
1975B;1975_B_T BN0;Bra_napus;0;Stem;18;Leg+;Div3;1.77529652199532;2.7274;336.3
395A;395_A_LM BN0;Bra_napus;0;Limb;32;Leg+;Div3;1.58081989945463;1.4013;98.86
113B;113_B_LM BN0;Bra_napus;0;Limb;35;Leg+;Div2;1.58560502339074;1.8358;252.7
77B;77_B_LM BN0;Bra_napus;0;Limb;39;Leg+;Div2;1.23489676908515;1.8782;140.1
138B;138_B_LM BN0;Bra_napus;0;Limb;42;Leg+;Div2;1.27747913845709;3.82;117.9
1965B;1965_B_T BN0;Bra_napus;0;Stem;3;Leg-;Div2;2.00647995955139;2.8721;157
1959B;1959_B_T BN0;Bra_napus;0;Stem;6;Leg-;Div1;1.85413083996217;2.1928;158.5
1963B;1963_B_T BN0;Bra_napus;0;Stem;9;Leg-;Div0;2.37105923823996;2.6766;130.8
1958B;1958_B_T BN0;Bra_napus;0;Stem;12;Leg+;Div1;1.54996935711221;2.1654;331.1
1957B;1957_B_T BN0;Bra_napus;0;Stem;15;Leg+;Div0;1.64888339145597;2.2028;191.8
1973B;1973_B_T BN0;Bra_napus;0;Stem;19;Leg+;Div0;2.55285256685257;2.2981;163.3
144B;144_B_LM BN0;Bra_napus;0;Limb;33;Leg+;Div0;1.2244265010352;1.6412;361.1
75B;75_B_LM BN0;Bra_napus;0;Limb;37;Leg+;Div0;1.10014754880094;2.1418;267
91B;91_B_LM BN0;Bra_napus;0;Limb;40;Leg+;Div3;1.20168573768574;1.9462;165
1966B;1966_B_T BN0;Bra_napus;0;Stem;1;Leg-;Div0;2.45474131274131;1.4123;58
1970B;1970_B_T BN0;Bra_napus;0;Stem;4;Leg-;Div3;1.81836554404475;2.6024;237
1968B;1968_B_T BN0;Bra_napus;0;Stem;7;Leg-;Div2;1.68157439071725;2.8241;231.5
1964B;1964_B_T BN0;Bra_napus;0;Stem;10;Leg-;Div1;2.07771454260077;2.4673;267.4
1960B;1960_B_T BN0;Bra_napus;0;Stem;13;Leg+;Div2;1.74880016029717;2.3776;184.3
2184B;2184_B_T BN0;Bra_napus;0;Stem;16;Leg+;Div1;1.78713427371595;2.2155;176.1
1974B;1974_B_T BN0;Bra_napus;0;Stem;20;Leg+;Div1;1.98524535577125;2.2637;150.6
49B;49_B_T BN0;Bra_napus;0;Stem;21;Leg-;Div2;2.26634205273663;2.4624;144
42B;42_B_T BN0;Bra_napus;0;Stem;24;Leg-;Div1;2.40615179515053;3.2264;266
164A;164_A_T BN0;Bra_napus;0;Stem;27;Leg-;Div0;2.58232694832319;2.9318;82.78
35A;35_A_T BN0;Bra_napus;0;Stem;30;Leg-;Div3;2.28339035087719;3.1273;49.77
126A;126_A_T BN0;Bra_napus;0;Stem;33;Leg+;Div0;3.1117005995875;2.1889;80.51
45B;45_B_T BN0;Bra_napus;0;Stem;37;Leg+;Div0;2.41157178517436;2.3758;135.7
21B;21_B_T BN0;Bra_napus;0;Stem;40;Leg+;Div3;2.61506199762354;3.1039;120.2
1028C;1028_C_PA BN;Bra_napus;15;Leaves;7;Leg-;Div2;1.74619823104856;0.9091;423.3
53C;53_C_PA BN;Bra_napus;15;Leaves;36;Leg+;Div3;2.10809122203098;3.5135;1567.2
50C;50_C_PA BN;Bra_napus;15;Leaves;39;Leg+;Div2;2.35866399465598;3.3844;920.1
2237B;2237_B_PA BN;Bra_napus;15;Leaves;2;Leg-;Div1;3.33085104327083;2.3036;601.4
2220A;2220_A_PA BN;Bra_napus;15;Leaves;5;Leg-;Div0;2.28510842844162;1.3877;160.6
1040C;1040_C_PA BN;Bra_napus;15;Leaves;16;Leg+;Div1;1.81945838439156;2.3534;1486.7
128A;128_A_T BN;Bra_napus;-15;Stem;33;Leg+;Div0;0.110485905357453;2.7485;85.42
23B;23_B_T BN0;Bra_napus;0;Stem;25;Leg-;Div2;1.96614691036208;2.4379;96.7
107A;107_A_T BN0;Bra_napus;0;Stem;28;Leg-;Div1;0.148339046144774;2.4543;39.25
12B;12_B_T BN0;Bra_napus;0;Stem;31;Leg+;Div2;2.41289085617269;3.4433;142.8
144A;144_A_T BN0;Bra_napus;0;Stem;34;Leg+;Div1;0.322543438034338;2.765;125.13
177A;177_A_T BN0;Bra_napus;0;Stem;38;Leg+;Div1;2.49064375798935;2.7296;126.1
1A;1_A_T BN0;Bra_napus;0;Stem;41;Leg-;Div1;2.24734003007519;3.6594;75.63
2221A;2221_A_PA BN;Bra_napus;15;Leaves;6;Leg-;Div1;2.13620202291443;1.3394;67.1
35C;35_C_PA BN;Bra_napus;15;Leaves;37;Leg+;Div0;1.96447051291595;2.9402;761.4
41C;41_C_PA BN;Bra_napus;15;Leaves;40;Leg+;Div3;2.24475707160546;3.0564;1458.2
2239B;2239_B_PA BN;Bra_napus;15;Leaves;3;Leg-;Div2;1.54856911818625;2.35785;405.1
2244B;2244_B_PA BN;Bra_napus;15;Leaves;14;Leg+;Div3;2.08417755231452;1.86225;842.4
2247B;2247_B_PA BN;Bra_napus;15;Leaves;18;Leg+;Div3;1.95246293023395;1.556;742.5
57B;57_B_T BN0;Bra_napus;0;Stem;23;Leg-;Div0;3.16337386466165;2.7339;87.3
175A;175_A_T BN0;Bra_napus;0;Stem;26;Leg-;Div3;2.66872241455566;3.2339;121.56
74A;74_A_T BN0;Bra_napus;0;Stem;29;Leg-;Div2;3.18149381374228;3.5307;74.22
99A;99_A_T BN0;Bra_napus;0;Stem;32;Leg+;Div3;0.302168775900146;1.3552;24.81
55B;55_B_T BN0;Bra_napus;0;Stem;35;Leg+;Div2;3.08921298245614;2.1885;111.7
184A;184_A_T BN0;Bra_napus;0;Stem;39;Leg+;Div2;3.7986232412715;2.1795;59.62
20A;20_A_T BN0;Bra_napus;0;Stem;42;Leg+;Div2;0.218722218166776;3.6016;39.03
57C;57_C_PA BN;Bra_napus;15;Leaves;35;Leg+;Div2;2.08998741894419;3.2157;1232.1
37C;37_C_PA BN;Bra_napus;15;Leaves;38;Leg+;Div1;1.72113568214772;3.0755;1734.3
1020C;1020_C_PA BN;Bra_napus;15;Leaves;1;Leg-;Div0;1.86223984811729;2.2514;1738.2
2240B;2240_B_PA BN;Bra_napus;15;Leaves;4;Leg-;Div3;1.57115664913787;0.897;188.5
2294B;2294_B_PA BN;Bra_napus;15;Leaves;15;Leg+;Div0;2.67938230424546;2.1241;
1042C;1042_C_PA BN;Bra_napus;15;Leaves;19;Leg+;Div0;2.05253997268621;2.194;995.1
2249B;2249_B_PA BN;Bra_napus;15;Leaves;20;Leg+;Div1;2.77883955905701;2.2181;511
43C;43_C_PA BN;Bra_napus;15;Leaves;25;Leg-;Div2;2.27599808998302;4.0843;557.4
21C;21_C_PA BN;Bra_napus;15;Leaves;28;Leg-;Div1;2.11688733834586;2.9948;792.7
10C;10_C_PA BN;Bra_napus;15;Leaves;31;Leg+;Div2;1.7648860952381;2.5215;706.7
29C;29_C_PA BN;Bra_napus;15;Leaves;34;Leg+;Div1;2.00869002526196;2.3902;761.8
1034C;1034_C_PA BN;Bra_napus;15;Leaves;10;Leg-;Div1;1.65835459389958;2.0007;1386.3
49C;49_C_PA BN;Bra_napus;15;Leaves;21;Leg-;Div2;2.1952606666968;2.626;637.6
2296B;2296_B_R BN;Bra_napus;15;Fine roots;2;Leg-;Div1;2.40441344879164;2.3165;327.5
2232A;2232_A_R BN;Bra_napus;15;Fine roots;5;Leg-;Div0;3.29621566865371;2.34145;75.6
1077C;1077_C_R BN;Bra_napus;15;Fine roots;16;Leg+;Div1;2.39910642874652;1.8449;680.6
58C;58_C_PA BN;Bra_napus;15;Leaves;23;Leg+;Div0;2.09056381472644;3.6218;624.3
36C;36_C_PA BN;Bra_napus;15;Leaves;26;Leg-;Div3;2.47140898245614;3.3353;393.7
14C;14_C_PA BN;Bra_napus;15;Leaves;29;Leg-;Div2;2.35654554713477;3.2574;526.3
17C;17_C_PA BN;Bra_napus;15;Leaves;32;Leg+;Div3;2.0844504900422;2.5309;661.1
2C;2_C_PA BN;Bra_napus;15;Leaves;41;Leg-;Div1;2.03586181316746;3.9641;741.5
2243B;2243_B_PA BN;Bra_napus;15;Leaves;11;Leg+;Div0;2.20432314385965;1.81615;636.3
1037C;1037_C_PA BN;Bra_napus;15;Leaves;13;Leg+;Div2;1.58417557922863;1.5223;932.1
2299B;2299_B_R BN;Bra_napus;15;Fine roots;3;Leg-;Div2;2.19337232189384;2.2076;213.5
1075C;1075_C_R BN;Bra_napus;15;Fine roots;14;Leg+;Div3;2.3324601423719;1.8468;429.1
2319B;2319_B_R BN;Bra_napus;15;Fine roots;18;Leg+;Div3;2.84921497129598;2.474;194.30518388
40B;40_B_PA BN;Bra_napus;15;Leaves;24;Leg-;Div1;1.79444755028725;2.1992;326.7
25C;25_C_PA BN;Bra_napus;15;Leaves;27;Leg-;Div0;1.88401051142708;2.3434;1478.7
9C;9_C_PA BN;Bra_napus;15;Leaves;30;Leg-;Div3;2.16746713702746;3.532;1108.3
26C;26_C_PA BN;Bra_napus;15;Leaves;33;Leg+;Div3;1.70820383624392;2.6648;780.8
5C;5_C_PA BN;Bra_napus;15;Leaves;42;Leg+;Div2;2.31627851629073;4.3699;671.4
2225A;2225_A_PA BN;Bra_napus;15;Leaves;12;Leg+;Div1;2.73384991536959;1.36;105
1070C;1070_C_R BN;Bra_napus;15;Fine roots;1;Leg-;Div0;2.3270002918944;2.0251;800.3
2301B;2301_B_R BN;Bra_napus;15;Fine roots;4;Leg-;Div3;3.35297272180451;1.8558;81.5
1076C;1076_C_R BN;Bra_napus;15;Fine roots;15;Leg+;Div0;2.58675686215539;2.0111;439.4
2322B;2322_B_R BN;Bra_napus;15;Fine roots;19;Leg+;Div0;2.30023795488722;1.9482;425.8
2325B;2325_B_R BN;Bra_napus;15;Fine roots;20;Leg+;Div1;2.36254163593994;2.196;252.6
1050C;1050_C_R BN;Bra_napus;15;Fine roots;25;Leg-;Div2;2.76713769458128;2.1409;393.5
1052C;1052_C_R BN;Bra_napus;15;Fine roots;28;Leg-;Div1;2.47475762760194;2.0707;339.8
1057C;1057_C_R BN;Bra_napus;15;Fine roots;32;Leg+;Div3;2.75921412476223;2.3576;273.3
1061C;1061_C_R BN;Bra_napus;15;Fine roots;35;Leg+;Div2;1.99242855176347;2.0298;696.4
1074C;1074_C_R BN;Bra_napus;15;Fine roots;10;Leg-;Div1;2.77256046624575;2.246;567
2242A;2242_A_R BN;Bra_napus;15;Fine roots;12;Leg+;Div1;2.63566293628034;2.0341;70.3
2236A;2236_A_R BN;Bra_napus;15;Fine roots;7;Leg-;Div2;2.40103482897106;2.0919;54.1
74C;74_C_R BN;Bra_napus;15;Fine roots;38;Leg+;Div1;2.33649514313411;2.158;756.4
2307B;2307_B_R BN;Bra_napus;15;Taproot;10;Leg-;Div1;2.06184111314159;1.7724;245.9
2250B;2250_B_R BN;Bra_napus;15;Taproot;21;Leg-;Div2;2.16853362863499;2.038;78.8
282B;282_B_R BN;Bra_napus;15;Taproot;36;Leg+;Div3;2.34217116992606;2.7144;252.5
2286B;2286_B_R BN;Bra_napus;15;Taproot;39;Leg+;Div2;2.56310284348632;2.7487;137.5
1048C;1048_C_R BN;Bra_napus;15;Fine roots;23;Leg-;Div0;2.27026838458972;2.0644;286.7
2260B;2260_B_R BN;Bra_napus;15;Fine roots;26;Leg-;Div3;2.36436702451279;2.02655;197.2
1054C;1054_C_R BN;Bra_napus;15;Fine roots;29;Leg-;Div2;2.78677323017639;1.7519;348.5
1058C;1058_C_R BN;Bra_napus;15;Fine roots;33;Leg+;Div0;2.42364270412747;2.3207;278.4
2289B;2289_B_R BN;Bra_napus;15;Fine roots;41;Leg-;Div1;2.12099595498418;1.9528;330.9
1045C;1045_C_R BN;Bra_napus;15;Fine roots;21;Leg-;Div2;2.50721156547372;1.8637;415.7
2332B;2332_B_R BN;Bra_napus;15;Fine roots;13;Leg+;Div2;2.17322079521464;1.8926;314.6
1063C;1063_C_R BN;Bra_napus;15;Fine roots;36;Leg+;Div3;2.50610852187251;2.3395;770.9
1066C;1066_C_R BN;Bra_napus;15;Fine roots;39;Leg+;Div2;2.71047786189268;2.3537;425.3
2309B;2309_B_R BN;Bra_napus;15;Taproot;11;Leg+;Div0;2.57244330039389;1.7406;73.8
2237A;2237_A_R BN;Bra_napus;15;Taproot;7;Leg-;Div2;0.154338585434174;1.2782;28.6
2282B;2282_B_R BN;Bra_napus;15;Taproot;37;Leg+;Div0;2.21802878450231;2.7544;108.9
2295B;2295_B_R BN;Bra_napus;15;Taproot;1;Leg-;Div0;2.36708879828623;1.7899;298.5
2255B;2255_B_R BN;Bra_napus;15;Fine roots;24;Leg-;Div1;2.64340600572255;2.0278;146.3
67C;67_C_R BN;Bra_napus;15;Fine roots;27;Leg-;Div0;2.88312616147016;1.9426;800
2269B;2269_B_R BN;Bra_napus;15;Fine roots;30;Leg-;Div3;2.32599299354307;2.0887;554.2
1060C;1060_C_R BN;Bra_napus;15;Fine roots;34;Leg+;Div1;2.88163254371676;2.2367;338.3
2291B;2291_B_R BN;Bra_napus;15;Fine roots;42;Leg+;Div2;2.62402051070273;2.3347;217.8
2308B;2308_B_R BN;Bra_napus;15;Fine roots;11;Leg+;Div0;2.52637131289763;1.9731;140.5
1047C;1047_C_R BN;Bra_napus;15;Fine roots;22;Leg-;Div3;2.94360931103865;2.266;392.4
1064C;1064_C_R BN;Bra_napus;15;Fine roots;37;Leg+;Div0;2.53645926792281;2.1722;355.4
88C;88_C_R BN;Bra_napus;15;Fine roots;40;Leg+;Div3;2.50846248922104;1.9336;650.1
2326B;2326_B_R BN;Bra_napus;15;Taproot;20;Leg+;Div1;3.48725789107718;2.1178;84.9
2280B;2280_B_R BN;Bra_napus;15;Taproot;35;Leg+;Div2;2.34807428571429;2.4146;164.1
2284B;2284_B_R BN;Bra_napus;15;Taproot;38;Leg+;Div1;2.04903512060134;2.4237;305.1
2229A;2229_A_R BN;Bra_napus;15;Taproot;2;Leg-;Div1;3.20493416322727;1.8316;39.5
2331B;2331_B_R BN;Bra_napus;15;Taproot;13;Leg+;Div2;2.41812560595058;1.5036;134.4
2316B;2316_B_R BN;Bra_napus;15;Taproot;16;Leg+;Div1;2.38967142562166;1.6923;267.9
289B;289_B_R BN;Bra_napus;15;Taproot;22;Leg-;Div3;2.98117692444656;2.7467;150
2258B;2258_B_R BN;Bra_napus;15;Taproot;25;Leg-;Div2;2.43916527737856;1.634;164.7
2266B;2266_B_R BN;Bra_napus;15;Taproot;28;Leg-;Div1;2.67094584242376;2.3233;140.4
2272B;2272_B_R BN;Bra_napus;15;Taproot;31;Leg+;Div2;3.09750540282854;2.3124;99.2
2277B;2277_B_R BN;Bra_napus;15;Taproot;34;Leg+;Div1;2.74571904466928;2.1973;104.9
2292B;2292_B_R BN;Bra_napus;15;Taproot;42;Leg+;Div2;2.63647935279426;3.3051;78.8
2212A;2212_A_LM BN;Bra_napus;15;Limb;5;Leg-;Div0;2.05077507408986;1.4335;81.5
2229B;2229_B_LM BN;Bra_napus;15;Limb;16;Leg+;Div1;1.39220974644742;1.4872;396.3
2314B;2314_B_R BN;Bra_napus;15;Taproot;14;Leg+;Div3;3.08639869950739;1.7421;102.6
2248A;2248_A_R BN;Bra_napus;15;Taproot;18;Leg+;Div3;0.191171023752622;1.7408;37
2252B;2252_B_R BN;Bra_napus;15;Taproot;23;Leg-;Div0;2.65995596118345;2.63435;94.7
2261B;2261_B_R BN;Bra_napus;15;Taproot;26;Leg-;Div3;3.20756703769415;2.7112;67.1
643A;643_A_R BN;Bra_napus;15;Taproot;29;Leg-;Div2;2.46767679636467;2.5908;86
2273B;2273_B_R BN;Bra_napus;15;Taproot;32;Leg-;Div3;2.69266490592914;2.3252;95.8
1067C;1067_C_R BN;Bra_napus;15;Taproot;40;Leg+;Div3;2.40552247351847;2.4134;274.5
2214B;2214_B_LM BN;Bra_napus;15;Limb;1;Leg-;Div0;1.71995402298851;1.9401;306.5
2209A;2209_A_LM BN;Bra_napus;15;Limb;3;Leg-;Div2;1.5360055270936;2.34485;99.6
2232B;2232_B_LM BN;Bra_napus;15;Limb;18;Leg+;Div3;1.56231327679991;1.6834;173.9
2315B;2315_B_R BN;Bra_napus;15;Taproot;15;Leg+;Div0;2.43690468667203;1.5902;111.2
2323B;2323_B_R BN;Bra_napus;15;Taproot;19;Leg+;Div0;2.03143143752799;1.8667;165.1
2256B;2256_B_R BN;Bra_napus;15;Taproot;24;Leg-;Div1;1.97462068965517;2.0423;54
2263B;2263_B_R BN;Bra_napus;15;Taproot;27;Leg-;Div0;2.92396592938591;2.1507;253.5
2270B;2270_B_R BN;Bra_napus;15;Taproot;30;Leg-;Div3;2.37964978325123;2.3925;199.1
2275B;2275_B_R BN;Bra_napus;15;Taproot;33;Leg+;Div0;2.21111920392509;2.3379;129.7
2290B;2290_B_R BN;Bra_napus;15;Taproot;41;Leg-;Div1;1.96276157831337;2.7096;110.9
2211A;2211_A_LM BN;Bra_napus;15;Limb;4;Leg-;Div3;3.03258132995094;1.3508;66.5
2215B;2215_B_LM BN;Bra_napus;15;Limb;2;Leg-;Div1;1.30840190489433;2.3901;172.4
2228B;2228_B_LM BN;Bra_napus;15;Limb;15;Leg+;Div0;1.93725098522167;1.8147;198.8
2234B;2234_B_LM BN;Bra_napus;15;Limb;19;Leg+;Div0;1.48324268502582;1.7399;361.4
2219B;2219_B_LM BN;Bra_napus;15;Limb;7;Leg-;Div2;1.25307554671968;0.8156;189.5
2222B;2222_B_LM BN;Bra_napus;15;Limb;11;Leg+;Div0;1.41094723148223;2.2576;130.7
114B;114_B_LM BN;Bra_napus;15;Limb;35;Leg+;Div2;1.47817221428571;3.5431;350.6
78B;78_B_LM BN;Bra_napus;15;Limb;39;Leg+;Div2;1.32083167338792;2.7955;189.4
476A;476_A_LM BN;Bra_napus;15;Limb;24;Leg-;Div1;1.38498848396501;1.6307;61.1
132B;132_B_LM BN;Bra_napus;15;Limb;27;Leg-;Div0;1.30787283673469;2.0528;316.6
126B;126_B_LM BN;Bra_napus;15;Limb;30;Leg-;Div3;1.58485666707159;2.759;169.8
154B;154_B_LM BN;Bra_napus;15;Limb;33;Leg+;Div0;1.39257478597801;3.3105;261.8
149B;149_B_LM BN;Bra_napus;15;Limb;42;Leg+;Div2;0.442861047997728;3.7002;159.8
2187A;2187_A_T BN;Bra_napus;15;Stem;7;Leg-;Div2;2.22541508026135;1.0914;70.2
43B;43_B_T BN;Bra_napus;15;Stem;37;Leg+;Div0;1.8698042309108;2.6577;97.8
2236B;2236_B_LM BN;Bra_napus;15;Limb;20;Leg+;Div1;1.54087593554456;1.6672;197.4
2226B;2226_B_LM BN;Bra_napus;15;Limb;14;Leg+;Div3;1.47261565989121;1.6814;253.7
2216A;2216_A_LM BN;Bra_napus;15;Limb;12;Leg+;Div1;1.32335755463603;1.1793;49.8
74B;74_B_LM BN;Bra_napus;15;Limb;37;Leg+;Div0;1.23193682413204;2.451;256.9
93B;93_B_LM BN;Bra_napus;15;Limb;40;Leg+;Div3;1.11907609945387;1.5831;320.6
102B;102_B_LM BN;Bra_napus;15;Limb;25;Leg-;Div2;1.19017222697462;2.8384;125.2
155B;155_B_LM BN;Bra_napus;15;Limb;28;Leg-;Div1;1.75158413784676;3.0814;278.9
157B;157_B_LM BN;Bra_napus;15;Limb;31;Leg+;Div2;2.05908916375315;4.459;232.9
134B;134_B_LM BN;Bra_napus;15;Limb;34;Leg+;Div1;1.4450536122449;2.104;186.8
472A;472_A_LM BN;Bra_napus;15;Limb;21;Leg-;Div2;1.61764021921394;2.3307;121.3
56B;56_B_T BN;Bra_napus;15;Stem;35;Leg+;Div2;1.95350587351876;2.9247;166.2
2178A;2178_A_T BN;Bra_napus;15;Stem;2;Leg-;Div1;1.724980351069;1.9854;76.4
2225B;2225_B_LM BN;Bra_napus;15;Limb;13;Leg+;Div2;1.02274848564924;1.2274;244.7
2214A;2214_A_LM BN;Bra_napus;15;Limb;10;Leg-;Div1;1.39169229907532;1.9489;286.7
70B;70_B_LM BN;Bra_napus;15;Limb;36;Leg+;Div3;1.315;3.0752;423.1
379A;379_A_LM BN;Bra_napus;15;Limb;26;Leg-;Div3;1.67830653556969;2.7287;85.4
147B;147_B_LM BN;Bra_napus;15;Limb;29;Leg-;Div2;1.42442893951168;2.6671;189.9
136B;136_B_LM BN;Bra_napus;15;Limb;32;Leg+;Div3;1.62716782326613;2.5303;222.3
140B;140_B_LM BN;Bra_napus;15;Limb;41;Leg-;Div1;1.54804701601756;3.8829;195.4
79B;79_B_LM BN;Bra_napus;15;Limb;22;Leg-;Div3;1.48319258407588;2.2199;107.4
53B;53_B_T BN;Bra_napus;15;Stem;36;Leg+;Div3;2.15268087093992;3.1138;229.3
2180A;2180_A_T BN;Bra_napus;15;Stem;3;Leg-;Div2;2.08847111726046;1.8456;65.3
19B;19_B_T BN;Bra_napus;15;Stem;38;Leg+;Div1;1.75719470740103;2.8215;157.5
51B;51_B_T BN;Bra_napus;15;Stem;39;Leg+;Div2;2.266491;2.6773;143.6
2196A;2196_A_T BN;Bra_napus;15;Stem;13;Leg+;Div2;1.87552372499696;1.6632;65.2
2201A;2201_A_T BN;Bra_napus;15;Stem;16;Leg+;Div1;2.05455315306122;2.2222;137.7
47B;47_B_T BN;Bra_napus;15;Stem;22;Leg-;Div3;2.36983483935743;3.0908;124.4
38B;38_B_T BN;Bra_napus;15;Stem;25;Leg-;Div2;1.97569296574051;3.263;66.9
108A;108_A_T BN;Bra_napus;15;Stem;28;Leg-;Div1;2.10414387549375;2.6177;104.33
47A;47_A_T BN;Bra_napus;15;Stem;31;Leg+;Div2;2.5068730636833;2.8031;142.8
143A;143_A_T BN;Bra_napus;15;Stem;34;Leg+;Div1;2.52896378471228;2.5779;62.78
25A;25_A_T BN;Bra_napus;15;Stem;42;Leg+;Div2;2.25991031632653;3.8503;56.17
103B;103_B_LM BN;Bra_napus;15;Limb;38;Leg+;Div1;0.9792;1.8764;309.2
2182A;2182_A_T BN;Bra_napus;15;Stem;4;Leg-;Div3;3.03682697083258;1.5797;36.3
2206A;2206_A_T BN;Bra_napus;15;Stem;14;Leg+;Div3;2.28225992007141;1.6733;115.2
2203A;2203_A_T BN;Bra_napus;15;Stem;18;Leg+;Div3;3.0517;1.8737;121
186A;186_A_T BN;Bra_napus;15;Stem;23;Leg-;Div0;2.34791116326531;3.0738;74.57
176A;176_A_T BN;Bra_napus;15;Stem;26;Leg-;Div3;1.96975818155948;2.9927;41.2
73A;73_A_T BN;Bra_napus;15;Stem;29;Leg-;Div2;2.51283396898363;3.0584;50.08
100A;100_A_T BN;Bra_napus;15;Stem;32;Leg+;Div3;2.4278061112357;2.3622;56.93
22B;22_B_T BN;Bra_napus;15;Stem;40;Leg+;Div3;1.97702472605809;2.3161;194.9
2191A;2191_A_T BN;Bra_napus;15;Stem;10;Leg-;Div1;2.16768373432872;2.2912;153.1
71B;71_B_LM BN;Bra_napus;15;Limb;23;Leg-;Div0;1.5183;3.0149;149.9
2183A;2183_A_T BN;Bra_napus;15;Stem;5;Leg-;Div0;0.0378028305072028;1.1912;16.4
2200A;2200_A_T BN;Bra_napus;15;Stem;15;Leg+;Div0;2.42412131405668;1.9015;84.3
2207A;2207_A_T BN;Bra_napus;15;Stem;20;Leg+;Div1;2.65020075866018;1.7509;62.2
179A;179_A_T BN;Bra_napus;15;Stem;24;Leg-;Div1;2.29080389632268;1.7198;53.6
159A;159_A_T BN;Bra_napus;15;Stem;27;Leg-;Div0;2.15987358728352;1.633;131.42
36A;36_A_T BN;Bra_napus;15;Stem;30;Leg-;Div3;2.23551275510204;2.9295;87.04
127A;127_A_T BN;Bra_napus;15;Stem;33;Leg+;Div0;1.9673968412066;2.7467;76.58
2A;2_A_T BN;Bra_napus;15;Stem;41;Leg-;Div1;2.00392696617725;3.3243;67.38
2192A;2192_A_T BN;Bra_napus;15;Stem;11;Leg+;Div0;2.60479592851057;2.0064;89.5
2177A;2177_A_T BN;Bra_napus;15;Stem;1;Leg-;Div0;1.90364747012987;1.9871;171.5
2230A;2230_A_R BN;Bra_napus;-15;Fine roots;4;Leg-;Div3;3.79631300253531;1.89345;47.3
1073C;1073_C_R BN;Bra_napus;-15;Fine roots;8;Leg-;Div3;1.68822516006947;1.7716;514.3
2313B;2313_B_R BN;Bra_napus;-15;Fine roots;14;Leg+;Div3;2.18120805833511;2.1898;66.7805964
2318B;2318_B_R BN;Bra_napus;-15;Fine roots;18;Leg+;Div3;1.76012386655261;2.113;211.5
2310B;2310_B_R BN;Bra_napus;-15;Fine roots;12;Leg+;Div1;2.532617840327;2.2789;96.1
1046C;1046_C_R BN;Bra_napus;-15;Fine roots;22;Leg-;Div3;2.35474017662338;2.0769;447.1
2283B;2283_B_R BN;Bra_napus;-15;Fine roots;38;Leg+;Div1;2.04152465977137;2.1726;67.7
2253B;2253_B_R BN;Bra_napus;-15;Fine roots;24;Leg-;Div1;2.26662631826005;2.3207;95.5
1051C;1051_C_R BN;Bra_napus;-15;Fine roots;27;Leg-;Div0;2.06604413514772;2.1047;336.8
65C;65_C_R BN;Bra_napus;-15;Fine roots;31;Leg+;Div2;2.1187122253492;2.2046;441.6
1059C;1059_C_R BN;Bra_napus;-15;Fine roots;34;Leg+;Div1;2.13058558208259;2.2868;717.4
1068C;1068_C_R BN;Bra_napus;-15;Fine roots;42;Leg+;Div2;2.06336857142857;2.2132;446.1
1069C;1069_C_R BN;Bra_napus;-15;Fine roots;1;Leg-;Div0;1.82666533066132;2.0184;752.9
1071C;1071_C_R BN;Bra_napus;-15;Fine roots;6;Leg-;Div1;2.00882590115296;1.8042;774.6
2305B;2305_B_R BN;Bra_napus;-15;Fine roots;9;Leg-;Div0;1.58872955844156;1.6782;424
2245A;2245_A_R BN;Bra_napus;-15;Fine roots;15;Leg+;Div0;2.00754855265217;1.85205;55.2
2320B;2320_B_R BN;Bra_napus;-15;Fine roots;19;Leg+;Div0;1.80408117402597;2.1573;284.9
2311B;2311_B_R BN;Bra_napus;-15;Fine roots;13;Leg+;Div2;1.99206336009915;2.0717;352.8
2278B;2278_B_R BN;Bra_napus;-15;Fine roots;35;Leg+;Div2;2.00769984766724;2.0844;314.6
1065C;1065_C_R BN;Bra_napus;-15;Fine roots;39;Leg+;Div2;2.17598456074863;2.1732;435.9
1049C;1049_C_R BN;Bra_napus;-15;Fine roots;25;Leg-;Div2;2.2552817114749;2.5432;455.6
2264B;2264_B_R BN;Bra_napus;-15;Fine roots;28;Leg-;Div1;2.23744088580742;2.1276;267.1
61C;61_C_R BN;Bra_napus;-15;Fine roots;32;Leg+;Div3;2.16536254409574;2.0692;1405.2
87C;87_C_R BN;Bra_napus;-15;Fine roots;40;Leg+;Div3;2.19002774025974;1.7984;684.6
1069C;1069_C_R BN;Bra_napus;-15;Fine roots;1;Leg-;Div0;1.75468797289667;2.0184;752.9
2297B;2297_B_R BN;Bra_napus;-15;Fine roots;3;Leg-;Div2;1.60175485516488;2.06555;401.1
1072C;1072_C_R BN;Bra_napus;-15;Fine roots;7;Leg-;Div2;2.16235;2.0456;336.7
1959A (=1043A)  ;1959_A_R BN;Bra_napus;-15;Fine roots;10;Leg-;Div1;2.83939754805195;2.29485;125.2
1078C;1078_C_R BN;Bra_napus;-15;Fine roots;17;Leg+;Div2;2.36804914202264;2.3165;989.6
1079C;1079_C_R BN;Bra_napus;-15;Fine roots;20;Leg+;Div1;1.96823191020556;2.2139;703
1044C;1044_C_R BN;Bra_napus;-15;Fine roots;21;Leg-;Div2;2.22057397893857;1.8605;554.6
1062C;1062_C_R BN;Bra_napus;-15;Fine roots;36;Leg+;Div3;2.42715;2.3798;257.9
2277B;2277_B_R BN;Bra_napus;-15;Fine roots;3;Leg-;Div2;0.897716810097533;2.06555;401.1
2259B;2259_B_R BN;Bra_napus;-15;Fine roots;26;Leg-;Div3;2.55562060330108;2.05985;110.2
1053C;1053_C_R BN;Bra_napus;-15;Fine roots;29;Leg-;Div2;2.26806336418073;2.066;488.4
64C;64_C_R BN;Bra_napus;-15;Fine roots;33;Leg+;Div0;2.28635407461065;2.2304;487.7
2288B;2288_B_R BN;Bra_napus;-15;Fine roots;41;Leg-;Div1;1.81221555838951;2.2301;150.6
1069C;1069_C_R BN;Bra_napus;-15;Fine roots;1;Leg-;Div0;0.0422849056603775;2.0184;752.9
2195A;2195_A_T BN;Bra_napus;-15;Stem;13;Leg+;Div2;1.8245233377401;1.5085;123.8
2212B;2212_B_T BN;Bra_napus;-15;Stem;17;Leg+;Div2;2.19712133285042;2.5064;227.7
2198A;2198_A_T BN;Bra_napus;-15;Stem;20;Leg+;Div1;1.81331092254359;2.4225;184.3
142A;142_A_T BN;Bra_napus;-15;Stem;34;Leg+;Div1;2.39515474886559;3.5501;145.93
178A;178_A_T BN;Bra_napus;-15;Stem;38;Leg+;Div1;2.38794780652419;1.7997;50.95
180A;180_A_T BN;Bra_napus;-15;Stem;24;Leg-;Div1;1.8082843743558;2.25;46.01
158A;158_A_T BN;Bra_napus;-15;Stem;27;Leg-;Div0;2.66334122329284;2.9769;56.19
37A;37_A_T BN;Bra_napus;-15;Stem;30;Leg-;Div3;1.47635841045182;3.388;98.54
128A;128_A_T BN;Bra_napus;-15;Stem;33;Leg+;Div0;2.26561047272727;2.7485;85.42
9B;9_B_T BN;Bra_napus;-15;Stem;42;Leg+;Div2;2.25904308141658;3.3555;130.6
2197A;2197_A_T BN;Bra_napus;-15;Stem;14;Leg+;Div3;-0.0718080148423005;2.5927;24.7
2202A;2202_A_T BN;Bra_napus;-15;Stem;18;Leg+;Div3;1.16326204906205;2.0516;70.8
2193A;2193_A_T BN;Bra_napus;-15;Stem;12;Leg+;Div1;1.48497693015646;1.209;38.6
54B;54_B_T BN;Bra_napus;-15;Stem;35;Leg+;Div2;2.45033078412641;2.207;98.4
52B;52_B_T BN;Bra_napus;-15;Stem;39;Leg+;Div2;2.22960167272727;2.5998;137.4
39B;39_B_T BN;Bra_napus;-15;Stem;25;Leg-;Div2;1.79336191343726;3.0231;114.9
101A;101_A_T BN;Bra_napus;-15;Stem;28;Leg-;Div1;2.30437115458381;3.1172;57.94
48A;48_A_T BN;Bra_napus;-15;Stem;31;Leg+;Div2;2.04785323636364;2.7859;93.69
155A;155_A_T BN;Bra_napus;-15;Stem;40;Leg+;Div3;2.0750119604946;2.2132;79.83
2176A;2176_A_T BN;Bra_napus;-15;Stem;1;Leg-;Div0;2.23733598473961;2.1354;153.5
2199A;2199_A_T BN;Bra_napus;-15;Stem;15;Leg+;Div0;1.58306082589286;1.4129;44.3
2204A;2204_A_T BN;Bra_napus;-15;Stem;19;Leg+;Div0;1.64930980166715;1.7288;99.4
50B;50_B_T BN;Bra_napus;-15;Stem;21;Leg-;Div2;1.82814236264737;2.0542;203
185A;185_A_T BN;Bra_napus;-15;Stem;36;Leg+;Div3;1.36841998240803;2.6492;49.54
48B;48_B_T BN;Bra_napus;-15;Stem;22;Leg-;Div3;2.26900455198725;2.3026;128.6
174A;174_A_T BN;Bra_napus;-15;Stem;26;Leg-;Div3;3.46295243636364;2.0689;76.54
72A;72_A_T BN;Bra_napus;-15;Stem;29;Leg-;Div2;2.26765937516299;2.5247;98.71
27B;27_B_T BN;Bra_napus;-15;Stem;32;Leg+;Div3;2.36007504415584;2.9236;250
12A;12_A_T BN;Bra_napus;-15;Stem;41;Leg-;Div1;1.08511896835559;2.2094;33.93
2179A;2179_A_T BN;Bra_napus;-15;Stem;3;Leg-;Div2;2.07297637352627;1.7871;113.4
2184A;2184_A_T BN;Bra_napus;-15;Stem;6;Leg-;Div1;1.95175059211204;2.2694;148.9
2189A;2189_A_T BN;Bra_napus;-15;Stem;9;Leg-;Div0;1.89748562013622;2.5994;108.2
2309B;2309_B_R BN;Bra_napus;15;Taproot;11;Leg+;Div0;0.0568750226671019;1.7406;73.8
2280B;2280_B_R BN;Bra_napus;15;Taproot;35;Leg+;Div2;1.67973706792984;2.4146;164.1
2284B;2284_B_R BN;Bra_napus;15;Taproot;38;Leg+;Div1;1.64798827253917;2.4237;305.1
2300B;2300_B_R BN;Bra_napus;15;Taproot;3;Leg-;Div2;1.92584408451878;2.077;68.6
2315B;2315_B_R BN;Bra_napus;15;Taproot;15;Leg+;Div0;2.24692626105357;1.5902;111.2
289B;289_B_R BN;Bra_napus;15;Taproot;22;Leg-;Div3;2.625364868932;2.7467;150
2258B;2258_B_R BN;Bra_napus;15;Taproot;25;Leg-;Div2;1.95097250167673;1.634;164.7
643A;643_A_R BN;Bra_napus;15;Taproot;29;Leg-;Div2;1.88640076565841;2.5908;86
2273B;2273_B_R BN;Bra_napus;15;Taproot;32;Leg+;Div3;2.15486462391224;2.3252;95.8
2290B;2290_B_R BN;Bra_napus;15;Taproot;41;Leg-;Div1;1.72779953917051;2.7096;110.9
2217B;2217_B_LM BN;Bra_napus;-15;Limb;6;Leg-;Div1;1.76658146573978;2.7898;255.6
2180A;2180_A_T BN;Bra_napus;15;Stem;3;Leg-;Div2;1.43650082201263;1.8456;65.3
2190A;2190_A_T BN;Bra_napus;-15;Stem;10;Leg-;Div1;2.17454081111452;1.4048;48.3
2326B;2326_B_R BN;Bra_napus;15;Taproot;20;Leg+;Div1;2.63794695264575;2.1178;84.9
282B;282_B_R BN;Bra_napus;15;Taproot;36;Leg+;Div3;2.07283473760611;2.7144;252.5
2286B;2286_B_R BN;Bra_napus;15;Taproot;39;Leg+;Div2;2.16509018036072;2.7487;137.5
2331B;2331_B_R BN;Bra_napus;15;Taproot;13;Leg+;Div2;1.97268561425188;1.5036;134.4
2316B;2316_B_R BN;Bra_napus;15;Taproot;16;Leg+;Div1;1.74293187697614;1.6923;267.9
2252B;2252_B_R BN;Bra_napus;15;Taproot;23;Leg-;Div0;1.98889092389092;2.63435;94.7
2263B;2263_B_R BN;Bra_napus;15;Taproot;27;Leg-;Div0;2.57769539697251;2.1507;253.5
2270B;2270_B_R BN;Bra_napus;15;Taproot;30;Leg-;Div3;1.96279418803419;2.3925;199.1
2277B;2277_B_R BN;Bra_napus;15;Taproot;34;Leg+;Div1;0.0559552260037697;2.1973;104.9
2292B;2292_B_R BN;Bra_napus;15;Taproot;42;Leg+;Div2;0.0186586343939285;3.3051;78.8
2216B;2216_B_LM BN;Bra_napus;-15;Limb;3;Leg-;Div2;1.38703658843939;1.737;223.1
2188A;2188_A_T BN;Bra_napus;-15;Stem;8;Leg-;Div3;1.87284013605442;2.1973;96.4
2307B;2307_B_R BN;Bra_napus;15;Taproot;10;Leg-;Div1;2.43168982146849;1.7724;245.9
2250B;2250_B_R BN;Bra_napus;15;Taproot;21;Leg-;Div2;0.0189324701700939;2.038;78.8
2282B;2282_B_R BN;Bra_napus;15;Taproot;37;Leg+;Div0;2.51418157452304;2.7544;108.9
2295B;2295_B_R BN;Bra_napus;15;Taproot;1;Leg-;Div0;1.97084073960568;1.7899;298.5
2314B;2314_B_R BN;Bra_napus;15;Taproot;14;Leg+;Div3;2.00235334500395;1.7421;102.6
2323B;2323_B_R BN;Bra_napus;15;Taproot;19;Leg+;Div0;2.45655229224091;1.8667;165.1
2256B;2256_B_R BN;Bra_napus;15;Taproot;24;Leg-;Div1;0.442577175910509;2.0423;54
2266B;2266_B_R BN;Bra_napus;15;Taproot;28;Leg-;Div1;2.23633714374157;2.3233;140.4
2272B;2272_B_R BN;Bra_napus;15;Taproot;31;Leg+;Div2;2.0939325481955;2.3124;99.2
1067C;1067_C_R BN;Bra_napus;15;Taproot;40;Leg+;Div3;2.17906041514042;2.4134;274.5
2215A;2215_A_LM BN;Bra_napus;-15;Limb;11;Leg+;Div0;3.34725317989098;0.9486;44.2
2227B;2227_B_LM BN;Bra_napus;-15;Limb;15;Leg+;Div0;0.9852;0.9435;123.6
2221B;2221_B_LM BN;Bra_napus;-15;Limb;9;Leg-;Div0;1.72017821212992;2.8796;254.6
2210A;2210_A_LM BN;Bra_napus;-15;Limb;4;Leg-;Div3;1.66346189468926;1.4185;78.1
2218B;2218_B_LM BN;Bra_napus;-15;Limb;7;Leg-;Div2;1.0150153728467;1.4538;164.8
2230B;2230_B_LM BN;Bra_napus;-15;Limb;17;Leg+;Div2;1.40525177338805;2.3925;490.9
2235B;2235_B_LM BN;Bra_napus;-15;Limb;20;Leg+;Div1;1.19826989010989;2.1534;399.5
115B;115_B_LM BN;Bra_napus;-15;Limb;25;Leg-;Div2;0.990728025036642;2.7648;197.8
135B;135_B_LM BN;Bra_napus;-15;Limb;28;Leg-;Div1;1.14350513336429;3.069;196.5
123B;123_B_LM BN;Bra_napus;-15;Limb;31;Leg+;Div2;1.3752500867809;2.1336;152.1
124B;124_B_LM BN;Bra_napus;-15;Limb;34;Leg+;Div1;1.28298027273931;2.5946;320.7
100B;100_B_LM BN;Bra_napus;-15;Limb;35;Leg+;Div2;1.45387666659296;2.0495;167.3
2213A;2213_A_LM BN;Bra_napus;-15;Limb;10;Leg-;Div1;1.26512879003897;1.2338;209.2
2208A;2208_A_LM BN;Bra_napus;-15;Limb;2;Leg-;Div1;1.01318313080218;4.44385;34.9
2224B;2224_B_LM BN;Bra_napus;-15;Limb;13;Leg+;Div2;0.95571080062098;0.906;241.7
2231B;2231_B_LM BN;Bra_napus;-15;Limb;18;Leg+;Div3;1.0030732819202;2.2024;127.4
2223B;2223_B_LM BN;Bra_napus;-15;Limb;12;Leg+;Div1;1.22915519981918;0.8317;123.1
380A;380_A_LM BN;Bra_napus;-15;Limb;26;Leg-;Div3;2.3786;1.5871;205.27
137B;137_B_LM BN;Bra_napus;-15;Limb;29;Leg-;Div2;1.62859924700879;2.7319;270.7
146B;146_B_LM BN;Bra_napus;-15;Limb;32;Leg+;Div3;1.55117457392906;2.5063;420.5
92B;92_B_LM BN;Bra_napus;-15;Limb;40;Leg+;Div3;1.45904732542007;3.4002;308.1
69B;69_B_LM BN;Bra_napus;-15;Limb;36;Leg+;Div3;1.26702914220987;2.8454;150.2
2213B;2213_B_LM BN;Bra_napus;-15;Limb;1;Leg-;Div0;1.86130727555877;2.4297;369.8
2220B;2220_B_LM BN;Bra_napus;-15;Limb;8;Leg-;Div3;1.21393288871377;2.0865;185
2217A;2217_A_LM BN;Bra_napus;-15;Limb;14;Leg+;Div3;2.45810287241149;3.0224;69.6
2233B;2233_B_LM BN;Bra_napus;-15;Limb;19;Leg+;Div0;0.920504615384615;1.1938;246.1
475A;475_A_LM BN;Bra_napus;-15;Limb;24;Leg-;Div1;1.74052167398781;2.2198;100.9
142B;142_B_LM BN;Bra_napus;-15;Limb;27;Leg-;Div0;1.61705687526047;2.702;183.6
148B;148_B_LM BN;Bra_napus;-15;Limb;30;Leg-;Div3;1.29033493452655;3.69;218.6
143B;143_B_LM BN;Bra_napus;-15;Limb;33;Leg+;Div0;1.22501831501832;2.8195;309.6
429A;429_A_LM BN;Bra_napus;-15;Limb;41;Leg-;Div1;1.36546710622711;2.621;96.22
473A;473_A_LM BN;Bra_napus;-15;Limb;37;Leg+;Div0;1.99263185616127;1.3115;55.2
139B;139_B_LM BN;Bra_napus;-15;Limb;42;Leg+;Div2;1.74648356962472;3.7336;238.3
477A;477_A_LM BN;Bra_napus;-15;Limb;38;Leg+;Div1;1.71811251182335;1.5253;85.9
1043C;1043_C_PA BN;Bra_napus;-15;Leaves;20;Leg+;Div1;1.67910806196065;2.4718;1572.1
28C;28_C_PA BN;Bra_napus;-15;Leaves;34;Leg+;Div1;2.21397688525179;3.7651;1664.4
44B;44_B_PA BN;Bra_napus;-15;Leaves;37;Leg+;Div0;2.3388216400806;1.3478;127.2
46C;46_C_PA BN;Bra_napus;-15;Leaves;22;Leg-;Div3;2.21184811849623;3.42055;2321.9
33C;33_C_PA BN;Bra_napus;-15;Leaves;26;Leg-;Div3;1.97908727008123;1.4821;587.2
13C;13_C_PA BN;Bra_napus;-15;Leaves;29;Leg-;Div2;2.06885083886281;2.3937;1174.7
18C;18_C_PA BN;Bra_napus;-15;Leaves;32;Leg+;Div3;2.26362369212669;3.2211;2714.6
3C;3_C_PA BN;Bra_napus;-15;Leaves;41;Leg-;Div1;1.88801836224591;2.7331;393.3
2218A;2218_A_PA BN;Bra_napus;-15;Leaves;2;Leg-;Div1;2.22537490784197;3.692;87.6
1021C;1021_C_PA BN;Bra_napus;-15;Leaves;6;Leg-;Div1;2.03108042982742;2.5046;1431.5
2241B;2241_B_PA BN;Bra_napus;-15;Leaves;9;Leg-;Div0;2.536808;3.1885;823
59B;59_B_LM BN;Bra_napus;-15;Limb;21;Leg-;Div2;1.23542043159678;1.6001;302.939626
76B;76_B_LM BN;Bra_napus;-15;Limb;39;Leg+;Div2;1.83901118226867;2.6789;276.3
48C;48_C_PA BN;Bra_napus;-15;Leaves;21;Leg-;Div2;1.88384903989704;2.3426;1666.1
55C;55_C_PA BN;Bra_napus;-15;Leaves;35;Leg+;Div2;2.42667805405405;3.159;739.3
20B;20_B_PA BN;Bra_napus;-15;Leaves;38;Leg+;Div1;2.0010765676213;1.9917;405.1
41B;41_B_PA BN;Bra_napus;-15;Leaves;24;Leg-;Div1;2.0645844172257;2.9393;226.4
24C;24_C_PA BN;Bra_napus;-15;Leaves;27;Leg-;Div0;1.99366095319972;2.5889;485.9
8C;8_C_PA BN;Bra_napus;-15;Leaves;30;Leg-;Div3;1.60588834172068;3.4158;1412.2
27C;27_C_PA BN;Bra_napus;-15;Leaves;33;Leg+;Div0;1.9745736010296;2.9;951.9
6C;6_C_PA BN;Bra_napus;-15;Leaves;42;Leg+;Div2;2.46979457617231;4.0151;1398.2
2238B;2238_B_PA BN;Bra_napus;-15;Leaves;3;Leg-;Div2;1.54683915042563;1.8475;815.8
1025C;1025_C_PA BN;Bra_napus;-15;Leaves;7;Leg-;Div2;1.63520752447989;1.8213;518.5
2242B;2242_B_PA BN;Bra_napus;-15;Leaves;10;Leg-;Div1;1.68866877919468;1.25645;516.3
72B;72_B_LM BN;Bra_napus;-15;Limb;22;Leg-;Div3;1.63388405662806;3.4895;230.9
2224A;2224_A_PA BN;Bra_napus;-15;Leaves;12;Leg+;Div1;1.50371170143625;0.9335;250.9
45C;45_C_PA BN;Bra_napus;-15;Leaves;22;Leg-;Div3;2.23580352464018;3.42055;2321.9
54C;54_C_PA BN;Bra_napus;-15;Leaves;36;Leg+;Div3;2.66806877653001;3.6186;457.8
52C;52_C_PA BN;Bra_napus;-15;Leaves;39;Leg+;Div2;2.17072931106666;3.2964;968
31C;31_C_PA BN;Bra_napus;-15;Leaves;25;Leg-;Div2;1.98590090348006;3.6756;946.8
19C;19_C_PA BN;Bra_napus;-15;Leaves;28;Leg-;Div1;2.02228300156444;3.5068;616.2
11C;11_C_PA BN;Bra_napus;-15;Leaves;31;Leg+;Div2;2.08116738223938;3.2996;1042.5
38C;38_C_PA BN;Bra_napus;-15;Leaves;40;Leg+;Div3;2.2599010723305;3.8564;1187.9
1002C;1002_C_PA BN;Bra_napus;-15;Leaves;1;Leg-;Div0;2.20475990104733;2.2377;1168.3
2219A;2219_A_PA BN;Bra_napus;-15;Leaves;4;Leg-;Div3;1.54472209009009;1.1;143.1
1029C;1029_C_PA BN;Bra_napus;-15;Leaves;8;Leg-;Div3;1.64087900637298;2.3181;767.9
2223A;2223_A_PA BN;Bra_napus;-15;Leaves;11;Leg+;Div0;3.58047164811871;0.8978;44.9
1056C;1056_C_R BN;Bra_napus;15;Fine roots;31;Leg+;Div2;3.156569385876;2.8725;288.1
2226A;2226_A_PA BN;Bra_napus;-15;Leaves;14;Leg+;Div3;2.7184926023166;2.9579;129.3
2246B;2246_B_PA BN;Bra_napus;-15;Leaves;18;Leg+;Div3;1.80101987129987;3.0849;429.3
2244A;2244_A_R BN;Bra_napus;-15;Taproot;14;Leg+;Div3;0.83814054054054;;31.3589064
2312B;2312_B_R BN;Bra_napus;-15;Taproot;13;Leg+;Div2;2.38705431555631;1.6441;149
2276B;2276_B_R BN;Bra_napus;-15;Taproot;34;Leg+;Div1;2.31999417245817;2.5853;253.4
709A;709_A_R BN;Bra_napus;-15;Taproot;38;Leg+;Div1;2.47061443075729;2.024;58.3
2257B;2257_B_R BN;Bra_napus;-15;Taproot;25;Leg-;Div2;2.11234455598456;2.4934;131.7
2265B;2265_B_R BN;Bra_napus;-15;Taproot;28;Leg-;Div1;2.15381454875479;2.4349;110.3
2271B;2271_B_R BN;Bra_napus;-15;Taproot;31;Leg+;Div2;2.28893986986417;2.3817;160.2
1055C;1055_C_R BN;Bra_napus;-15;Fine roots;30;Leg-;Div3;2.70468453967045;2.4406;631.4
2245B;2245_B_PA BN;Bra_napus;-15;Leaves;15;Leg+;Div0;1.6520923037323;1.2244;258.2
2248B;2248_B_PA BN;Bra_napus;-15;Leaves;19;Leg+;Div0;1.57747360879766;1.92265;866.8
2247A;2247_A_R BN;Bra_napus;-15;Taproot;18;Leg+;Div3;1.73368667837606;1.946;90.7
2324B;2324_B_R BN;Bra_napus;-15;Taproot;20;Leg+;Div1;2.18920651737452;2.0285;231.1
2279B;2279_B_R BN;Bra_napus;-15;Taproot;35;Leg+;Div2;2.61590171428571;2.5601;85.5
2251B;2251_B_R BN;Bra_napus;-15;Taproot;22;Leg-;Div3;2.83026974517375;2.998;165
792A;792_A_R BN;Bra_napus;-15;Taproot;26;Leg-;Div3;2.60297551558527;2.1648;38.9
2267B;2267_B_R BN;Bra_napus;-15;Taproot;29;Leg-;Div2;2.71854435539695;2.2558;152
246B;246_B_R BN;Bra_napus;-15;Taproot;32;Leg+;Div3;2.37427336526334;2.2556;365.8
1036C;1036_C_PA BN;Bra_napus;-15;Leaves;13;Leg+;Div2;1.41792428740636;1.3784;1510.6
1041C;1041_C_PA BN;Bra_napus;-15;Leaves;17;Leg+;Div2;1.58209375112164;2.6226;2111.3
2317B;2317_B_R BN;Bra_napus;-15;Taproot;17;Leg+;Div2;2.10906880585765;1.8851;205.8
2321B;2321_B_R BN;Bra_napus;-15;Taproot;19;Leg+;Div0;1.86915;1.9974;170.3
277B;277_B_R BN;Bra_napus;-15;Taproot;21;Leg-;Div2;2.44677672462041;1.90465;288.5
2281B;2281_B_R BN;Bra_napus;-15;Taproot;36;Leg+;Div3;1.24907314371856;2.3882;70.8
2254B;2254_B_R BN;Bra_napus;-15;Taproot;24;Leg-;Div1;1.35147144368197;2.1452;52.9
2262B;2262_B_R BN;Bra_napus;-15;Taproot;27;Leg-;Div0;2.35190990477218;2.0086;101.5
2268B;2268_B_R BN;Bra_napus;-15;Taproot;30;Leg-;Div3;1.82234924395084;2.4959;209.7
2274B;2274_B_R BN;Bra_napus;-15;Taproot;33;Leg+;Div0;2.26459185651217;2.2823;111.8
2285B;2285_B_R BN;Bra_napus;-15;Taproot;39;Leg+;Div2;2.44781807792208;2.5603;154.1
211B;211_B_R BN;Bra_napus;-15;Taproot;42;Leg+;Div2;2.45204261606657;2.8427;142.5
2302B;2302_B_R BN;Bra_napus;-15;Taproot;6;Leg-;Div1;2.02456653566874;1.9297;197.4
2306B;2306_B_R BN;Bra_napus;-15;Taproot;9;Leg-;Div0;2.39692467532467;2.4154;186.7
2008B;2008_B_R LP;Lol_peren;-12;Fine roots;1;Leg-;Div0;1.21005266622778;1.1991;35.2
1991B;1991_B_R LP;Lol_peren;-12;Fine roots;5;Leg-;Div0;1.41040205303678;0.9045;188.8
2014B;2014_B_R LP;Lol_peren;-12;Fine roots;9;Leg-;Div0;1.12766953528399;0.9004;151
2033B;2033_B_R LP;Lol_peren;-12;Fine roots;15;Leg+;Div0;1.19515804949767;1.058;35.1
2085B;2085_B_R LP;Lol_peren;-12;Fine roots;22;Leg-;Div3;1.34299287140006;0.6752;151.6
2096B;2096_B_R LP;Lol_peren;-12;Fine roots;25;Leg-;Div2;1.00592070531095;1.0089;57.6
2163B;2163_B_R LP;Lol_peren;-12;Fine roots;31;Leg+;Div2;1.23095440288255;0.8068;79.4
2130B;2130_B_R LP;Lol_peren;-12;Fine roots;34;Leg+;Div1;1.09016755793226;0.8152;59.9
2139B;2139_B_R LP;Lol_peren;-12;Fine roots;37;Leg+;Div0;2.8921;1.2378;128.4
2287B;2287_B_R BN;Bra_napus;-15;Taproot;40;Leg+;Div3;2.40748739036515;2.5039;227.6
2293B;2293_B_R BN;Bra_napus;-15;Taproot;1;Leg-;Div0;2.43342171428571;1.9229;205
2303B;2303_B_R BN;Bra_napus;-15;Taproot;7;Leg-;Div2;1.9948252229698;1.5804;75.7
183A;183_A_T BN;Bra_napus;15;Stem;21;Leg-;Div2;2.11778493506494;1.9537;82.5
2002B;2002_B_R LP;Lol_peren;-12;Fine roots;3;Leg-;Div2;1.95839345454545;1.3922;105.7
160A;160_A_R LP;Lol_peren;-12;Fine roots;6;Leg-;Div1;-0.0756051948051949;1.019;18.4
2011B;2011_B_R LP;Lol_peren;-12;Fine roots;10;Leg-;Div1;1.6279409300377;1.0281;45.9
2059B;2059_B_R LP;Lol_peren;-12;Fine roots;17;Leg+;Div2;0.893722943722944;1.0478;79.5
2083B;2083_B_R LP;Lol_peren;-12;Fine roots;23;Leg-;Div0;2.68946828122176;0.8853;105.6
2155B;2155_B_R LP;Lol_peren;-12;Fine roots;29;Leg-;Div2;1.26477787818543;0.7743;50.4
2145B;2145_B_R LP;Lol_peren;-12;Fine roots;32;Leg+;Div3;1.34978956372968;0.718;69.9
2127B;2127_B_R LP;Lol_peren;-12;Fine roots;35;Leg+;Div2;2.04852796397151;0.8802;98.3
2136B;2136_B_R LP;Lol_peren;-12;Fine roots;38;Leg+;Div1;2.64052655961273;1.1295;86
561A;561_A_R BN;Bra_napus;-15;Taproot;41;Leg-;Div1;1.93851046912271;1.3307;43.6
2298B;2298_B_R BN;Bra_napus;-15;Taproot;3;Leg-;Div2;2.23674410096945;1.576;128.2
2304B;2304_B_R BN;Bra_napus;-15;Taproot;8;Leg-;Div3;1.90689824231993;2.0935;114.8
51C;51_C_PA BN0;Bra_napus;0;Leaves;39;Leg+;Div2;2.18146839132811;2.3948;567.4
1987B;1987_B_R LP;Lol_peren;-12;Fine roots;4;Leg-;Div3;1.46186040254566;0.9797;145.8
2030B;2030_B_R LP;Lol_peren;-12;Fine roots;7;Leg-;Div2;0.855777974025974;0.8791;55.6
2016B;2016_B_R LP;Lol_peren;-12;Fine roots;14;Leg+;Div3;2.03160851196996;1.4291;173.5
2070B;2070_B_R LP;Lol_peren;-12;Fine roots;20;Leg+;Div1;0.951936727272727;1.0844;86.5
2115B;2115_B_R LP;Lol_peren;-12;Fine roots;24;Leg-;Div1;1.29593401759531;0.876;59.6
2164B;2164_B_R LP;Lol_peren;-12;Fine roots;30;Leg-;Div3;1.41267695533166;0.9409;107.3
2137B;2137_B_R LP;Lol_peren;-12;Fine roots;33;Leg+;Div0;1.83543733375059;0.9146;78.5
2157B;2157_B_R LP;Lol_peren;-12;Fine roots;36;Leg+;Div3;1.51604427508619;1.07895;335.6
2124B;2124_B_R LP;Lol_peren;-12;Fine roots;39;Leg+;Div2;1.46516320260257;1.11605;142.9
2125B;2125_B_R LP;Lol_peren;-12;Fine roots;40;Leg+;Div3;1.75452577883039;0.9501;178.2
2020A;2020_A_LM LP;Lol_peren;-12;Limb;17;Leg+;Div2;-0.0808613406795226;1.4723;23
2104A;2104_A_PA LP;Lol_peren;-12;Leaves;1;Leg-;Div0;1.57359935064935;0.8835;30.6
2116A;2116_A_PA LP;Lol_peren;-12;Leaves;5;Leg-;Div0;2.10192373363688;0.9106;163.4
2167B;2167_B_PA LP;Lol_peren;-12;Leaves;8;Leg-;Div3;1.24540405486297;1.2051;281.9
2134A;2134_A_PA LP;Lol_peren;-12;Leaves;14;Leg+;Div3;1.81264680009369;1.0705;180.1
2138A;2138_A_PA LP;Lol_peren;-12;Leaves;19;Leg+;Div0;0.160157901504436;0.7878;21.7
64B;64_B_PA LP;Lol_peren;-12;Leaves;23;Leg-;Div0;3.30765;1.2481;169.3
165A;165_A_PA LP;Lol_peren;-12;Leaves;26;Leg-;Div3;0.850505539658082;1.6084;29.77
70A;70_A_PA LP;Lol_peren;-12;Leaves;29;Leg-;Div2;1.11186442825467;0.7881;55.66
2150B;2150_B_R LP;Lol_peren;-12;Fine roots;42;Leg+;Div2;1.46984358327044;0.8012;190.1
511A;511_A_LM LP;Lol_peren;-12;Limb;36;Leg+;Div3;0.945382427628238;1.7753;43
2109A;2109_A_PA LP;Lol_peren;-12;Leaves;3;Leg-;Div2;1.80933537662338;1.1177;79.4
2118A;2118_A_PA LP;Lol_peren;-12;Leaves;6;Leg-;Div1;1.33769296740995;0.9838;32
2124A;2124_A_PA LP;Lol_peren;-12;Leaves;9;Leg-;Div0;1.28018853290998;0.8948;176.2
2135A;2135_A_PA LP;Lol_peren;-12;Leaves;15;Leg+;Div0;1.04487912087912;0.9603;28.2
2140A;2140_A_PA LP;Lol_peren;-12;Leaves;20;Leg+;Div1;1.37402545350441;0.8298;136
283A;283_A_PA LP;Lol_peren;-12;Leaves;24;Leg-;Div1;1.37171862342888;0.8241;108.49
32B;32_B_PA LP;Lol_peren;-12;Leaves;27;Leg-;Div0;2.32643016540803;1.2263;135
17B;17_B_PA LP;Lol_peren;-12;Leaves;30;Leg-;Div3;1.49357478593551;2.4366;125.3
2001A;2001_A_LM LP;Lol_peren;-12;Limb;8;Leg-;Div3;-0.0370946716834568;1.1867;18
478A;478_A_LM LP;Lol_peren;-12;Limb;40;Leg+;Div3;0.353435064935065;1.6802;27.9
2113A;2113_A_PA LP;Lol_peren;-12;Leaves;4;Leg-;Div3;1.73803114813473;0.9752;155.6
2122A;2122_A_PA LP;Lol_peren;-12;Leaves;7;Leg-;Div2;1.15394985928584;0.9214;64.6
2131A;2131_A_PA LP;Lol_peren;-12;Leaves;12;Leg+;Div1;1.44816262555179;0.7244;31.8
2137A;2137_A_PA LP;Lol_peren;-12;Leaves;17;Leg+;Div2;1.03435234104573;1.4384;116
220A;220_A_PA LP;Lol_peren;-12;Leaves;22;Leg-;Div3;1.58077614085519;1.5377;193.82
313A;313_A_PA LP;Lol_peren;-12;Leaves;25;Leg-;Div2;1.02485109065692;1.3373;41.56
92A;92_A_PA LP;Lol_peren;-12;Leaves;28;Leg-;Div1;1.91179932970256;1.2421;55.34
49A;49_A_PA LP;Lol_peren;-12;Leaves;31;Leg+;Div2;1.58043833766234;0.8975;53.46
24B;24_B_PA LP;Lol_peren;-12;Leaves;32;Leg+;Div3;1.90583290561734;1.2291;106.4
486A;486_A_PA LP;Lol_peren;-12;Leaves;35;Leg+;Div2;2.5027694429123;1.6983;55.5
247A;247_A_PA LP;Lol_peren;-12;Leaves;38;Leg+;Div1;3.81579168633277;1.4322;73.43
7B;7_B_PA LP;Lol_peren;-12;Leaves;42;Leg+;Div2;2.62169591319292;1.7962;236.2
2003B;2003_B_R LP;Lol_peren;-3;Fine roots;2;Leg-;Div1;1.04745328185328;1.5463;64.5
2017B;2017_B_R LP;Lol_peren;-3;Fine roots;7;Leg-;Div2;3.62680610406325;0.9659;35.9
2020B;2020_B_R LP;Lol_peren;-3;Fine roots;10;Leg-;Div1;1.03634485481497;0.9937;54.9
1250A;1250_A_R LP;Lol_peren;-3;Fine roots;23;Leg-;Div0;1.32239635521236;1.2052;120.9
2141B;2141_B_R LP;Lol_peren;-3;Fine roots;28;Leg-;Div1;1.08043426214511;1.015;308.6
2140B;2140_B_R LP;Lol_peren;-3;Fine roots;41;Leg-;Div1;1.27440019461971;1.1761;77.8
388A;388_A_LM LP;Lol_peren;-3;Limb;28;Leg-;Div1;-0.087084942084942;1.1563;32.69
2111A;2111_A_PA LP;Lol_peren;-3;Leaves;4;Leg-;Div3;2.17190489737858;1.2646;49.7
2120A;2120_A_PA LP;Lol_peren;-3;Leaves;7;Leg-;Div2;1.33921007182298;1.1129;35.5
29B;29_B_PA LP;Lol_peren;-12;Leaves;33;Leg+;Div0;2.3019382032635;1.0667;113
73B;73_B_PA LP;Lol_peren;-12;Leaves;36;Leg+;Div3;2.90861624710425;1.881;406.5
234A;234_A_PA LP;Lol_peren;-12;Leaves;40;Leg+;Div3;1.9080432020592;1.6143;175.85
2210B;2210_B_R BN0;Bra_napus;0;Fine roots;20;Leg+;Div1;2.22489204922071;2.1522;562.1
2009B;2009_B_R LP;Lol_peren;-3;Fine roots;4;Leg-;Div3;1.45448812355212;0.9814;79.8
2024B;2024_B_R LP;Lol_peren;-3;Fine roots;8;Leg-;Div3;1.38344462169612;0.8857;214.9
2084B;2084_B_R LP;Lol_peren;-3;Fine roots;21;Leg-;Div2;1.14920611442141;0.8433;100.1
2147B;2147_B_R LP;Lol_peren;-3;Fine roots;26;Leg-;Div3;1.23666378378378;1.1509;79.4
2159B;2159_B_R LP;Lol_peren;-3;Fine roots;29;Leg-;Div2;1.56246557206557;1.0702;69.8
2250A;2250_A_LM LP;Lol_peren;-3;Limb;6;Leg-;Div1;0.720474324324324;2.588;9.2
2105A;2105_A_PA LP;Lol_peren;-3;Leaves;1;Leg-;Div0;1.89820555984556;0.8845;37.4
2115A;2115_A_PA LP;Lol_peren;-3;Leaves;5;Leg-;Div0;1.5902300296882;1.0948;104.4
2123A;2123_A_PA LP;Lol_peren;-3;Leaves;8;Leg-;Div3;2.00627018757139;0.9014;75.1
30B;30_B_PA LP;Lol_peren;-12;Leaves;34;Leg+;Div1;2.15290106530825;1.0394;94.8
302A;302_A_PA LP;Lol_peren;-12;Leaves;37;Leg+;Div0;3.04627099099099;1.1611;78.73
2B;2_B_PA LP;Lol_peren;-12;Leaves;41;Leg-;Div1;0.932672555984556;2.1351;75.5
1996B;1996_B_R LP;Lol_peren;-3;Fine roots;1;Leg-;Div0;2.05428763963964;1.0963;78
2029B;2029_B_R LP;Lol_peren;-3;Fine roots;5;Leg-;Div0;1.75224763145245;0.9207;71.3
2015B;2015_B_R LP;Lol_peren;-3;Fine roots;9;Leg-;Div0;2.00761116021357;1.1204;41.6
2095B;2095_B_R LP;Lol_peren;-3;Fine roots;22;Leg-;Div3;0.907175060320189;1.0627;224.9
2162B;2162_B_R LP;Lol_peren;-3;Fine roots;27;Leg-;Div0;2.19126770656371;0.9732;188.6
2154B;2154_B_R LP;Lol_peren;-3;Fine roots;30;Leg-;Div3;1.59539866984178;1.2745;70.6
1986A;1986_A_LM LP;Lol_peren;-3;Limb;2;Leg-;Div1;0.0762609137709137;2.9667;25.9
2165B;2165_B_PA LP;Lol_peren;-3;Leaves;2;Leg-;Div1;1.37148450827008;2.3985;255.8
2119A;2119_A_PA LP;Lol_peren;-3;Leaves;6;Leg-;Div1;0.986375722007722;1.2378;57.5
2126A;2126_A_PA LP;Lol_peren;-3;Leaves;10;Leg-;Div1;1.7011956071868;1.0806;34.1
238A;238_A_PA LP;Lol_peren;-3;Leaves;21;Leg-;Div2;1.0832360830218;1.1153;61.6
279A;279_A_PA LP;Lol_peren;-3;Leaves;24;Leg-;Div1;0.401846702387519;1.6337;25.14
25B;25_B_PA LP;Lol_peren;-3;Leaves;28;Leg-;Div1;3.06307570095145;1.22;221.4
1B;1_B_PA LP;Lol_peren;-3;Leaves;41;Leg-;Div1;1.63604692565329;2.4108;141.1
2005B;2005_B_R LP;Lol_peren;9;Fine roots;2;Leg-;Div1;0.904914480284559;0.9752;51.8
2023B;2023_B_R LP;Lol_peren;9;Fine roots;7;Leg-;Div2;2.88211254657935;1.1975;97
2025B;2025_B_R LP;Lol_peren;9;Fine roots;10;Leg-;Div1;1.75269398830845;1.2015;170.4
2028B;2028_B_R LP;Lol_peren;9;Fine roots;13;Leg+;Div2;1.60758618037503;1.1587;231.3
2061B;2061_B_R LP;Lol_peren;9;Fine roots;16;Leg+;Div1;1.65904092972357;0.9932;227.1
2048B;2048_B_R LP;Lol_peren;9;Fine roots;19;Leg+;Div0;1.71459084126813;1.088;117.7
217A;217_A_PA LP;Lol_peren;-3;Leaves;22;Leg-;Div3;3.03508323546494;1.5615;175
34B;34_B_PA LP;Lol_peren;-3;Leaves;26;Leg-;Div3;2.68994072333203;1.384;73.8
18B;18_B_PA LP;Lol_peren;-3;Leaves;29;Leg-;Div2;1.49994821168474;1.6802;114.9
10B;10_B_PA LP;Lol_peren;9;Aerial;30;Leg-;Div3;2.34506579150579;1.466;
2000B;2000_B_R LP;Lol_peren;9;Fine roots;3;Leg-;Div2;1.31000927261168;0.8069;130.8
2013B;2013_B_R LP;Lol_peren;9;Fine roots;8;Leg-;Div3;1.49787264372807;1.2849;120.6
2019B;2019_B_R LP;Lol_peren;9;Fine roots;11;Leg+;Div0;2.53590736661114;1.4592;151.6
2027B;2027_B_R LP;Lol_peren;9;Fine roots;14;Leg+;Div3;1.46567099896677;1.0437;123.4
2032B;2032_B_R LP;Lol_peren;9;Fine roots;17;Leg+;Div2;2.11252616945603;1.3428;288.7
2075B;2075_B_R LP;Lol_peren;9;Fine roots;20;Leg+;Div1;1.45300037762313;0.9092;190.5
62B;62_B_PA LP;Lol_peren;-3;Leaves;23;Leg-;Div0;2.58016795366795;1.9753;80.3
31B;31_B_PA LP;Lol_peren;-3;Leaves;27;Leg-;Div0;2.29895152640424;1.43305;173.3
11B;11_B_PA LP;Lol_peren;-3;Leaves;30;Leg-;Div3;1.03967825993324;1.2889;100.3
2007B;2007_B_R LP;Lol_peren;9;Fine roots;1;Leg-;Div0;0.907907935674926;1.1097;32.5
2006B;2006_B_R LP;Lol_peren;9;Fine roots;4;Leg-;Div3;2.08492858298846;1.2294;128.9
2022B;2022_B_R LP;Lol_peren;9;Fine roots;9;Leg-;Div0;1.47668687335753;1.3575;307
2021B;2021_B_R LP;Lol_peren;9;Fine roots;12;Leg+;Div1;1.47513364953846;1.2061;231.1
2051B;2051_B_R LP;Lol_peren;9;Fine roots;15;Leg+;Div0;1.37192715106598;0.8848;231.8
2054B;2054_B_R LP;Lol_peren;9;Fine roots;18;Leg+;Div3;0.81639789196311;1.1034;105.3
2079B;2079_B_R LP;Lol_peren;9;Fine roots;21;Leg-;Div2;1.73408176303794;0.7996;332.3
2107B;2107_B_R LP;Lol_peren;9;Fine roots;22;Leg-;Div3;1.8991135383731;0.9102;108.7
2135B;2135_B_R LP;Lol_peren;9;Fine roots;26;Leg-;Div3;1.89111352643175;0.8551;156.1
2152B;2152_B_R LP;Lol_peren;9;Fine roots;30;Leg-;Div3;1.30797767446474;0.7896;141.8
2149B;2149_B_R LP;Lol_peren;9;Fine roots;34;Leg+;Div1;0.240896825396825;1.1715;28.5
2133B;2133_B_R LP;Lol_peren;9;Fine roots;39;Leg+;Div2;1.57661348499588;1.1168;104.4
2128B;2128_B_R LP;Lol_peren;9;Fine roots;42;Leg+;Div2;1.5314579569076;0.9467;221
1958A;1958_A_LM LP;Lol_peren;9;Limb;17;Leg+;Div2;2.08303991887438;1.4669;41.2
414A;414_A_LM LP;Lol_peren;9;Limb;29;Leg-;Div2;0.334990504888998;1.2681;23.07
2110A;2110_A_PA LP;Lol_peren;9;Leaves;3;Leg-;Div2;1.81519599890244;1.0747;83.1
2168B;2168_B_PA LP;Lol_peren;9;Leaves;8;Leg-;Div3;1.41060337107788;1.5969;229.2
2130A;2130_A_PA LP;Lol_peren;9;Leaves;11;Leg+;Div0;4.05173239254658;1.0978;63.1
2133A;2133_A_PA LP;Lol_peren;9;Leaves;14;Leg+;Div3;1.87302454847583;0.9639;162.1
2179B;2179_B_PA LP;Lol_peren;9;Leaves;17;Leg+;Div2;2.9995;1.5;520.2
2091B;2091_B_R LP;Lol_peren;9;Fine roots;23;Leg-;Div0;1.55289006833543;1.1725;216.8
??;??_R LP;Lol_peren;9;Fine roots;27;Leg-;Div0;1.53816211303607;;128.4
2148B;2148_B_R LP;Lol_peren;9;Fine roots;32;Leg+;Div3;1.94005530213494;1.2945;65.7
2134B;2134_B_R LP;Lol_peren;9;Fine roots;36;Leg+;Div3;1.49636067714042;1.056;76.7
2144B;2144_B_R LP;Lol_peren;9;Fine roots;40;Leg+;Div3;2.22492360621865;0.9659;124.4
2036B;2036_B_R LP;Lol_peren;-12;Fine roots;19;Leg+;Div0;1.44394768639777;1.2795;47.6
1966A;1966_A_LM LP;Lol_peren;9;Limb;10;Leg-;Div1;0.180223018783207;1.3267;22.2
428A;428_A_LM LP;Lol_peren;9;Limb;41;Leg-;Div1;0.147615783704786;1.4533;23.44
2112A;2112_A_PA LP;Lol_peren;9;Leaves;4;Leg-;Div3;2.62592538119718;1.1078;81.8
2172B;2172_B_PA LP;Lol_peren;9;Leaves;9;Leg-;Div0;1.55839775403727;1.2243;328.9
2174B;2174_B_PA LP;Lol_peren;9;Leaves;12;Leg+;Div1;1.18840777704873;0.93755;317.4
2176B;2176_B_PA LP;Lol_peren;9;Leaves;15;Leg+;Div0;1.6164107826087;0.9021;235.9
2180B;2180_B_PA LP;Lol_peren;9;Leaves;18;Leg+;Div3;0.898699341540223;1.2991;221.9
2119B;2119_B_R LP;Lol_peren;9;Fine roots;25;Leg-;Div2;1.37627827080745;0.7941;246.7
2151B;2151_B_R LP;Lol_peren;9;Fine roots;29;Leg-;Div2;1.30115859875776;0.7882;189.6
2161B;2161_B_R LP;Lol_peren;9;Fine roots;33;Leg+;Div0;1.4440041242236;0.8827;39.1
2132B;2132_B_R LP;Lol_peren;9;Fine roots;37;Leg+;Div0;1.73348187510154;1.0313;101.9
2160B;2160_B_R LP;Lol_peren;9;Fine roots;41;Leg-;Div1;1.14890550823818;0.8441;183.7
2013A;2013_A_LM LP;Lol_peren;9;Limb;13;Leg+;Div2;0.106991017677974;0.9344;29
509A;509_A_LM LP;Lol_peren;9;Limb;25;Leg-;Div2;0.496864069264069;0.8167;41.7
2107A;2107_A_PA LP;Lol_peren;9;Leaves;2;Leg-;Div1;0.394137813365262;0.8357;36.2
2121A;2121_A_PA LP;Lol_peren;9;Leaves;7;Leg-;Div2;1.72367726807853;0.836;62.5
2128A;2128_A_PA LP;Lol_peren;9;Leaves;10;Leg-;Div1;1.87887909150643;1.2376;161.3
2175B;2175_B_PA LP;Lol_peren;9;Leaves;13;Leg+;Div2;1.10726518899028;1.1656;255.2
2178B;2178_B_PA LP;Lol_peren;9;Leaves;16;Leg+;Div1;1.91527271552795;0.9279;163.6
2182B;2182_B_PA LP;Lol_peren;9;Leaves;20;Leg+;Div1;1.80856628074534;0.8177;302.4
63B;63_B_PA LP;Lol_peren;9;Leaves;21;Leg-;Div2;2.50791053920962;1.2146;322.9
280A;280_A_PA LP;Lol_peren;9;Leaves;24;Leg-;Div1;0.183903344481605;0.9168;24.4
33B;33_B_PA LP;Lol_peren;9;Leaves;27;Leg-;Div0;2.94797827324243;1.0549;99.1
87A;87_A_PA LP;Lol_peren;9;Leaves;32;Leg+;Div3;3.18000636508547;1.6258;31.6
323A;323_A_PA LP;Lol_peren;9;Leaves;36;Leg+;Div3;2.87550831162096;1.9524;112.63
131B;131_B_PA LP;Lol_peren;9;Leaves;39;Leg+;Div2;2.47492488213725;;110.8
8B;8_B_PA LP;Lol_peren;9;Leaves;42;Leg+;Div2;2.56439402837633;1.5245;313.2
2045B;2045_B_R TA;Tri_alexa;-9;Fine roots;14;Leg+;Div3;1.09452199103516;3.1824;93.3
2193B;2193_B_R TA;Tri_alexa;-9;Fine roots;39;Leg+;Div2;1.51414495063225;2.1827;140.6
2073A;2073_A_PA TA;Tri_alexa;-9;Leaves;11;Leg+;Div0;1.64805477167702;2.3877;73.5
216A;216_A_PA LP;Lol_peren;9;Leaves;22;Leg-;Div3;3.12658830206998;1.9083;120.63
65B;65_B_PA LP;Lol_peren;9;Leaves;25;Leg-;Div2;1.08836084711517;0.9908;294.9
28B;28_B_PA LP;Lol_peren;9;Leaves;28;Leg-;Div1;2.41775508648635;1.2952;384.8
106A;106_A_PA LP;Lol_peren;9;Leaves;33;Leg+;Div0;1.80691751255846;1.3219;48.34
301A;301_A_PA LP;Lol_peren;9;Leaves;37;Leg+;Div0;2.47342369156913;1.3956;72.12
233A;233_A_PA LP;Lol_peren;9;Leaves;40;Leg+;Div3;2.49361844052362;1.1992;148.94
2063B;2063_B_R TA;Tri_alexa;-9;Fine roots;11;Leg+;Div0;2.32877356839117;2.9349;118.1
2204B;2204_B_R TA;Tri_alexa;-9;Fine roots;36;Leg+;Div3;1.85876796596078;2.8046;41.8
2181B;2181_B_R TA;Tri_alexa;-9;Fine roots;40;Leg+;Div3;1.23519283249532;2.5147;44.1
2101A;2101_A_PA TA;Tri_alexa;-9;Leaves;20;Leg+;Div1;0.92113122825274;1.5172;26.8
60B;60_B_PA LP;Lol_peren;9;Leaves;23;Leg-;Div0;2.06274451013829;2.4721;167.8
35B;35_B_PA LP;Lol_peren;9;Leaves;26;Leg-;Div3;2.81963153291926;1.4373;133.4
13B;13_B_PA LP;Lol_peren;9;Leaves;29;Leg-;Div2;1.54087754745691;1.2979;179.9
141A;141_A_PA LP;Lol_peren;9;Leaves;34;Leg+;Div1;1.85218219948849;2.0234;28.02
246A;246_A_PA LP;Lol_peren;9;Leaves;38;Leg+;Div1;1.51739662963055;0.9355;47.2
5B;5_B_PA LP;Lol_peren;9;Leaves;41;Leg-;Div1;1.33493433436647;1.4293;238.6
2046B;2046_B_R TA;Tri_alexa;-9;Fine roots;13;Leg+;Div2;0.18261864548495;2.2975;27.9
2189B;2189_B_R TA;Tri_alexa;-9;Fine roots;37;Leg+;Div0;3.19479198238103;2.7978;40.4
2177B;2177_B_R TA;Tri_alexa;-9;Fine roots;42;Leg+;Div2;1.82341993960671;2.6626;51
297A;297_A_PA TA;Tri_alexa;-9;Leaves;37;Leg+;Div0;0.111692825453163;3.1403;22.85
196A;196_A_PA TA;Tri_alexa;-9;Leaves;39;Leg+;Div2;0.825202648054399;2.878;48.92
2067B;2067_B_R TA;Tri_alexa;-3;Fine roots;11;Leg+;Div0;2.22212148017102;2.9078;44.3
2072B;2072_B_R TA;Tri_alexa;-3;Fine roots;15;Leg+;Div0;1.03327637275006;2.937;23.4
2186B;2186_B_R TA;Tri_alexa;-3;Fine roots;35;Leg+;Div2;1.60999819548872;2.733;47.6
2171B;2171_B_R TA;Tri_alexa;-3;Fine roots;39;Leg+;Div2;-0.0392611631118613;2.655;33.4
2092A;2092_A_PA TA;Tri_alexa;-3;Leaves;17;Leg+;Div2;1.16303127819549;3.1667;84.1
2163A;2163_A_T TA;Tri_alexa;-3;Stem;17;Leg+;Div2;1.01621753127589;2.3359;33.9
2068B;2068_B_R TA;Tri_alexa;6;Fine roots;13;Leg+;Div2;1.16495842781557;2.4545;39.1
2142B;2142_B_R TA;Tri_alexa;6;Fine roots;31;Leg+;Div2;1.15348790302449;2.5498;50.7
2198B;2198_B_R TA;Tri_alexa;6;Fine roots;39;Leg+;Div2;1.21270009701674;2.5366;49.1
2072A;2072_A_PA TA;Tri_alexa;6;Leaves;11;Leg+;Div0;1.4417051647154;2.1351;72.8
77A;77_A_PA TA;Tri_alexa;6;Leaves;32;Leg+;Div3;0.001;2.3414;18.09
2144A;2144_A_T TA;Tri_alexa;6;Stem;11;Leg+;Div0;2.35067124332571;3.4594;44.5
19A;19_A_PA TA;Tri_alexa;-9;Leaves;42;Leg+;Div2;1.56113549423799;2.4271;30.82
2044B;2044_B_R TA;Tri_alexa;-3;Fine roots;12;Leg+;Div1;1.01932810286586;2.4147;42
2055B;2055_B_R TA;Tri_alexa;-3;Fine roots;17;Leg+;Div2;1.38028699002014;2.8282;110.1
2196B;2196_B_R TA;Tri_alexa;-3;Fine roots;36;Leg+;Div3;1.96397927088638;2.7368;104.3
2071A;2071_A_PA TA;Tri_alexa;-3;Leaves;11;Leg+;Div0;1.05673430150719;2.1498;29.2
2170A;2170_A_PA TA;Tri_alexa;-3;Leaves;18;Leg+;Div3;1.45991609458429;2.9348;2.8
334A;334_A_T TA;Tri_alexa;-3;Stem;36;Leg+;Div3;1.23063778230106;2.0502;27.36
2058B;2058_B_R TA;Tri_alexa;6;Fine roots;17;Leg+;Div2;0.038656542345964;2.8907;24.1
2206B;2206_B_R TA;Tri_alexa;6;Fine roots;32;Leg+;Div3;1.57298922662106;2.7336;35.6
2188B;2188_B_R TA;Tri_alexa;6;Fine roots;42;Leg+;Div2;1.97780204479453;3.3322;66.8
2084A;2084_A_PA TA;Tri_alexa;6;Leaves;14;Leg+;Div3;1.47223554838513;3.088;5.7
291A;291_A_PA TA;Tri_alexa;6;Leaves;37;Leg+;Div0;-0.115730502727407;3.4273;26.37
14A;14_A_T TA;Tri_alexa;6;Stem;42;Leg+;Div2;-0.0791263873970642;2.4587;22.37
2143A;2143_A_T TA;Tri_alexa;-9;Stem;11;Leg+;Div0;1.83799538687356;2.4812;53.3
2057B;2057_B_R TA;Tri_alexa;-3;Fine roots;13;Leg+;Div2;-0.0393819143819144;2.1153;26.4
2205B;2205_B_R TA;Tri_alexa;-3;Fine roots;33;Leg+;Div0;0.001;3.0508;25.7
2187B;2187_B_R TA;Tri_alexa;-3;Fine roots;37;Leg+;Div0;1.15115789473684;2.5978;42.5
2076A;2076_A_PA TA;Tri_alexa;-3;Leaves;12;Leg+;Div1;-0.0394707431844919;2.3818;20.2
293A;293_A_PA TA;Tri_alexa;-3;Leaves;37;Leg+;Div0;-0.0393657894736842;3.5639;20.07
2071B;2071_B_R TA;Tri_alexa;6;Fine roots;11;Leg+;Div0;2.75770186990522;3.1136;101.9
2031B;2031_B_R TA;Tri_alexa;6;Fine roots;18;Leg+;Div3;1.18288622499645;3.1043;28.8
2170B;2170_B_R TA;Tri_alexa;6;Fine roots;37;Leg+;Div0;1.56951255895249;2.8276;64.1
2032A;2032_A_LM TA;Tri_alexa;6;Limb;11;Leg+;Div0;-0.0732077836099684;2.9212;21.8
2094A;2094_A_PA TA;Tri_alexa;6;Leaves;18;Leg+;Div3;-0.0397677868139737;2.9407;18
15A;15_A_PA TA;Tri_alexa;6;Leaves;42;Leg+;Div2;1.1246604606755;2.7789;35.79
207A;207_A_PA LP;Lol_peren;-12;Leaves;39;Leg+;Div2;2.4635961160386;1.1628;144.06
2175A;2175_A_PA LP;Lol_peren;-12;Leaves;18;Leg+;Div3;1.18383718259793;;55.9
2062B;2062_B_R TA;Tri_alexa;12;Fine roots;20;Leg+;Div1;0.896712698079861;4.1988;47.9
2195B;2195_B_R TA;Tri_alexa;12;Fine roots;36;Leg+;Div3;0.843849785105334;2.2908;53.3
1271A;1271_A_R TA;Tri_alexa;12;Fine roots;40;Leg+;Div3;0.935580720092915;;66.5
299A;299_A_PA TA;Tri_alexa;12;Leaves;37;Leg+;Div0;1.00141619354509;3.3929;32.14
2074B;2074_B_R TA;Tri_alexa;12;Fine roots;11;Leg+;Div0;2.40027268170426;3.2427;44.7
2126B;2126_B_R TA;Tri_alexa;12;Fine roots;32;Leg+;Div3;1.10128769504406;2.5849;43.8
2199B;2199_B_R TA;Tri_alexa;12;Fine roots;37;Leg+;Div0;1.35637052631579;2.6246;89.7
2087A;2087_A_PA TA;Tri_alexa;12;Leaves;15;Leg+;Div0;-0.0388097744360903;2.6109;21.1
229A;229_A_PA TA;Tri_alexa;12;Leaves;40;Leg+;Div3;0.779374229223853;2.8744;48.71
2078B;2078_A_PA TA;Tri_alexa;-3;Leaves;13;Leg+;Div2;0.980574054183076;1.847;9.8
2200B;2200_B_R TA;Tri_alexa;12;Fine roots;33;Leg+;Div0;0.0783193131343208;3.1188;19.3
2166B;2166_B_R TA;Tri_alexa;12;Fine roots;39;Leg+;Div2;0.0751091671486406;2.4685;29
2102A;2102_A_PA TA;Tri_alexa;12;Leaves;20;Leg+;Div1;0.783079687169732;2.6362;34
230A;230_A_T TA;Tri_alexa;12;Stem;40;Leg+;Div3;0.001;2.4457;22.55
