no;div;leg;distance;id_jour;id_loca;id_taxo;DW;LA
1;Div0;Leg-;-24;44;RT01_d-24;Lol_peren;198.9;1100.876
1;Div0;Leg-;-21;44;RT01_d-21;Ger_disse;4.39999999999998;68.158
1;Div0;Leg-;-18;44;RT01_d-18;Ver_persi;1.59999999999991;23.151
1;Div0;Leg-;-15;44;RT01_d-15;Bra_napus;2646.5;
1;Div0;Leg-;-12;44;RT01_d-12;Lol_peren;70.1999999999999;445.941
1;Div0;Leg-;-9;44;RT01_d-9;Ger_disse;2.10000000000002;33.881
1;Div0;Leg-;-6;44;RT01_d-6;Ver_persi;3.69999999999993;27.552
1;Div0;Leg-;-3;44;RT01_d-3;Lol_peren;127.8;616.247
1;Div0;Leg-;0;44;RT01_d0;Bra_napus;914;5958.343
1;Div0;Leg-;3;44;RT01_d+3;Ger_disse;8;105.161
1;Div0;Leg-;6;44;RT01_d+6;Ver_persi;14;84.886
1;Div0;Leg-;9;44;RT01_d+9;Lol_peren;54.5;327.621
1;Div0;Leg-;12;44;RT01_d+12;Ger_disse;0.399999999999977;7.516
1;Div0;Leg-;15;44;RT01_d+15;Bra_napus;3315;21792.39
1;Div0;Leg-;18;44;RT01_d+18;Ver_persi;4.40000000000009;60.635
1;Div0;Leg-;21;44;RT01_d+21;Lol_peren;13.2;92.073
2;Div1;Leg-;-24;43;RT02_d-24;Lol_peren;180.5;1491.749
2;Div1;Leg-;-18;43;RT02_d-18;Ver_persi;18.3;174.793
2;Div1;Leg-;-15;43;RT02_d-15;Bra_napus;163.2;1628.88
2;Div1;Leg-;-12;43;RT02_d-12;Lol_peren;37.2;367.462
2;Div1;Leg-;-6;43;RT02_d-6;Ver_persi;2.70000000000005;42.828
2;Div1;Leg-;-3;43;RT02_d-3;Lol_peren;346.2;3471.858
2;Div1;Leg-;0;43;RT02_d0;Bra_napus;2255;18894.246
2;Div1;Leg-;6;43;RT02_d+6;Ver_persi;9.19999999999993;80.995
2;Div1;Leg-;9;43;RT02_d+9;Lol_peren;98.8999999999999;527.364
2;Div1;Leg-;15;43;RT02_d+15;Bra_napus;1215.4;9743.588
2;Div1;Leg-;18;43;RT02_d+18;Ver_persi;1;31.292
2;Div1;Leg-;21;43;RT02_d+21;Lol_peren;24.5999999999999;184.399
3;Div2;Leg-;-24;43;RT03_d-24;Lol_peren;138.7;881.596
3;Div2;Leg-;-18;43;RT03_d-18;Ver_persi;25.4000000000001;217.074
3;Div2;Leg-;-15;43;RT03_d-15;Bra_napus;1681.6;11258.48
3;Div2;Leg-;-12;43;RT03_d-12;Lol_peren;204;1146.727
3;Div2;Leg-;-3;43;RT03_d-3;Lol_peren;15;196.017
3;Div2;Leg-;0;43;RT03_d0;Bra_napus;3719.1;26186.166
3;Div2;Leg-;6;43;RT03_d+6;Ver_persi;2;
3;Div2;Leg-;9;43;RT03_d+9;Lol_peren;228.7;1194.998
3;Div2;Leg-;15;43;RT03_d+15;Bra_napus;852.099999999999;6079.344
3;Div2;Leg-;21;43;RT03_d+21;Lol_peren;114.7;636.132
4;Div3;Leg-;-24;43;RT04_d-24;Lol_peren;733.7;5331.52
4;Div3;Leg-;-21;43;RT04_d-21;Ger_disse;17.4000000000001;108.051
4;Div3;Leg-;-18;43;RT04_d-18;Ver_persi;9.40000000000009;45.942
4;Div3;Leg-;-15;43;RT04_d-15;Bra_napus;313;2144.02
4;Div3;Leg-;-12;43;RT04_d-12;Lol_peren;323.7;1646.41
4;Div3;Leg-;-9;43;RT04_d-9;Ger_disse;13.1000000000003;166.27
4;Div3;Leg-;-6;43;RT04_d-6;Ver_persi;3.40000000000009;54.177
4;Div3;Leg-;-3;43;RT04_d-3;Lol_peren;138.3;877.905
4;Div3;Leg-;0;43;RT04_d0;Bra_napus;4384.4;26170.255
4;Div3;Leg-;3;43;RT04_d+3;Ger_disse;3;47.243
4;Div3;Leg-;6;43;RT04_d+6;Ver_persi;5.80000000000007;190.866
4;Div3;Leg-;9;43;RT04_d+9;Lol_peren;216.9;1287.419
4;Div3;Leg-;12;43;RT04_d+12;Ger_disse;4.5;81.355
4;Div3;Leg-;15;43;RT04_d+15;Bra_napus;389.4;2448.015
4;Div3;Leg-;18;43;RT04_d+18;Ver_persi;0.399999999999864;9.004
4;Div3;Leg-;21;43;RT04_d+21;Lol_peren;288.8;1494.117
4;Div3;Leg-;24;43;RT04_d+24;Ger_disse;1.39999999999998;38.549
5;Div0;Leg-;-24;43;RT05_d-24;Lol_peren;330.8;1811.089
5;Div0;Leg-;-21;43;RT05_d-21;Ger_disse;0.600000000000023;87.532
5;Div0;Leg-;-18;43;RT05_d-18;Ver_persi;7.29999999999995;63.8
5;Div0;Leg-;-12;43;RT05_d-12;Lol_peren;374.7;2318.586
5;Div0;Leg-;-9;43;RT05_d-9;Ger_disse;5.00000000000011;74.659
5;Div0;Leg-;-6;43;RT05_d-6;Ver_persi;8.30000000000007;81.406
5;Div0;Leg-;-3;43;RT05_d-3;Lol_peren;195.2;1677.686
5;Div0;Leg-;0;43;RT05_d0;Bra_napus;4461.4;27690.704
5;Div0;Leg-;3;43;RT05_d+3;Ger_disse;11.1;123.299
5;Div0;Leg-;6;43;RT05_d+6;Ver_persi;6.89999999999998;74.436
5;Div0;Leg-;9;43;RT05_d+9;Lol_peren;25.8999999999999;122.049
5;Div0;Leg-;15;43;RT05_d+15;Bra_napus;343.2;2292.374
5;Div0;Leg-;18;43;RT05_d+18;Ver_persi;11.2;85.792
5;Div0;Leg-;21;43;RT05_d+21;Lol_peren;55.1;375.832
6;Div1;Leg-;-24;43;RT06_d-24;Lol_peren;129;826.329
6;Div1;Leg-;-18;43;RT06_d-18;Ver_persi;2.39999999999998;25.603
6;Div1;Leg-;-15;42;RT06_d-15;Bra_napus;;321.995
6;Div1;Leg-;-15;43;RT06_d-15;Bra_napus;2808;17092.179
6;Div1;Leg-;-12;43;RT06_d-12;Lol_peren;58.8000000000002;617.94
6;Div1;Leg-;-9;43;RT06_d-9;Ger_disse;3.39999999999998;51.983
6;Div1;Leg-;-6;43;RT06_d-6;Ver_persi;5.89999999999986;66.792
6;Div1;Leg-;-3;43;RT06_d-3;Lol_peren;92.5000000000001;773.416
6;Div1;Leg-;0;43;RT06_d0;Bra_napus;3434.9;18642.86
6;Div1;Leg-;3;43;RT06_d+3;Ger_disse;2.09999999999991;40.85
6;Div1;Leg-;9;43;RT06_d+9;Lol_peren;17.1;162.418
6;Div1;Leg-;15;43;RT06_d+15;Bra_napus;88.9;653.242
6;Div1;Leg-;18;43;RT06_d+18;Ver_persi;7.79999999999995;79.421
6;Div1;Leg-;21;43;RT06_d+21;Lol_peren;38.1;424.753
7;Div2;Leg-;-24;43;RT07_d-24;Lol_peren;410.1;2528.515
7;Div2;Leg-;-21;43;RT07_d-21;Ger_disse;9.39999999999998;115.848
7;Div2;Leg-;-18;43;RT07_d-18;Ver_persi;2.49999999999989;27.703
7;Div2;Leg-;-15;43;RT07_d-15;Bra_napus;1160.6;6560.009
7;Div2;Leg-;-12;43;RT07_d-12;Lol_peren;135.9;956.178
7;Div2;Leg-;-9;43;RT07_d-9;Ger_disse;10.8;128.88
7;Div2;Leg-;-6;43;RT07_d-6;Ver_persi;1.60000000000002;21.936
7;Div2;Leg-;-3;43;RT07_d-3;Lol_peren;80.0999999999999;597.625
7;Div2;Leg-;0;43;RT07_d0;Bra_napus;4442;22769.486
7;Div2;Leg-;3;43;RT07_d+3;Ger_disse;6.69999999999993;78.176
7;Div2;Leg-;6;43;RT07_d+6;Ver_persi;5.90000000000009;47.006
7;Div2;Leg-;9;43;RT07_d+9;Lol_peren;173.4;776.297
7;Div2;Leg-;15;43;RT07_d+15;Bra_napus;765.700000000001;5290.358
7;Div2;Leg-;21;43;RT07_d+21;Lol_peren;169.1;731.692
7;Div2;Leg-;24;43;RT07_d+24;Ger_disse;3.69999999999993;79.996
8;Div3;Leg-;-24;43;RT08_d-24;Lol_peren;190.6;1210.605
8;Div3;Leg-;-21;43;RT08_d-21;Ger_disse;6.39999999999986;94.373
8;Div3;Leg-;-18;43;RT08_d-18;Ver_persi;1.60000000000002;28.307
8;Div3;Leg-;-15;43;RT08_d-15;Bra_napus;1678.4;10116.562
8;Div3;Leg-;-12;43;RT08_d-12;Lol_peren;312.8;2982.533
8;Div3;Leg-;-9;43;RT08_d-9;Ger_disse;6.89999999999998;111.741
8;Div3;Leg-;-6;43;RT08_d-6;Ver_persi;4.09999999999991;35.37
8;Div3;Leg-;-3;43;RT08_d-3;Lol_peren;305.8;999.081
8;Div3;Leg-;0;43;RT08_d0;Bra_napus;3371.7;21199.507
8;Div3;Leg-;3;43;RT08_d+3;Ger_disse;9.49999999999989;116.832
8;Div3;Leg-;6;43;RT08_d+6;Ver_persi;16.5;133.223
8;Div3;Leg-;9;43;RT08_d+9;Lol_peren;368.6;2208.601
8;Div3;Leg-;15;43;RT08_d+15;Bra_napus;7.39999999999998;
8;Div3;Leg-;18;43;RT08_d+18;Ver_persi;6.40000000000009;54.666
8;Div3;Leg-;21;43;RT08_d+21;Lol_peren;481.4;3073.166
9;Div0;Leg-;-24;42;RT09_d-24;Lol_peren;108.3;612.715
9;Div0;Leg-;-18;42;RT09_d-18;Ver_persi;2.5;29.35
9;Div0;Leg-;-15;42;RT09_d-15;Bra_napus;1796.5;11648.065
9;Div0;Leg-;-12;42;RT09_d-12;Lol_peren;345.2;1724.777
9;Div0;Leg-;-6;42;RT09_d-6;Ver_persi;5.39999999999998;64.627
9;Div0;Leg-;-3;42;RT09_d-3;Lol_peren;74.4999999999999;465.661
9;Div0;Leg-;0;42;RT09_d0;Bra_napus;2284.1;15955.24
9;Div0;Leg-;3;42;RT09_d+3;Ger_disse;11.1999999999999;111.799
9;Div0;Leg-;6;42;RT09_d+6;Ver_persi;6.30000000000007;34.348
9;Div0;Leg-;9;42;RT09_d+9;Lol_peren;659.5;3179.967
9;Div0;Leg-;21;42;RT09_d+21;Lol_peren;373.2;2658.771
10;Div1;Leg-;-24;42;RT10_d-24;Lol_peren;61.6999999999999;417.131
10;Div1;Leg-;-18;42;RT10_d-18;Ver_persi;4.79999999999995;52.349
10;Div1;Leg-;-15;42;RT10_d-15;Bra_napus;920.7;5358.881
10;Div1;Leg-;-12;42;RT10_d-12;Lol_peren;91.6000000000001;587.378
10;Div1;Leg-;-9;42;RT10_d-9;Ger_disse;10.1999999999999;
10;Div1;Leg-;-6;42;RT10_d-6;Ver_persi;17.6;229.14
10;Div1;Leg-;-3;42;RT10_d-3;Lol_peren;122;612.255
10;Div1;Leg-;0;42;RT10_d0;Bra_napus;4643.80495;25644.585
10;Div1;Leg-;3;42;RT10_d+3;Ger_disse;7.79999999999995;
10;Div1;Leg-;6;42;RT10_d+6;Ver_persi;65.8999999999999;525.118
10;Div1;Leg-;9;42;RT10_d+9;Lol_peren;353.9;1850.056
10;Div1;Leg-;12;42;RT10_d+12;Ger_disse;8.49999999999989;
10;Div1;Leg-;15;42;RT10_d+15;Bra_napus;2639;14660.407
10;Div1;Leg-;21;42;RT10_d+21;Lol_peren;36.4;220.531
11;Div0;Leg+;-24;42;RT11_d-24;Tri_alexa;37.7;284.838
11;Div0;Leg+;-21;42;RT11_d-21;Ger_disse;18.5;212.463
11;Div0;Leg+;-15;42;RT11_d-15;Bra_napus;104.2;1132.585
11;Div0;Leg+;-12;42;RT11_d-12;Lol_peren;19.4000000000001;106.03
11;Div0;Leg+;-9;42;RT11_d-9;Tri_alexa;269.5;2509.345
11;Div0;Leg+;-6;42;RT11_d-6;Ver_persi;76.6999999999998;536.598
11;Div0;Leg+;-3;41;RT11_d-3;Tri_alexa;;992.726
11;Div0;Leg+;-3;42;RT11_d-3;Tri_alexa;96.3000000000001;100.732
11;Div0;Leg+;0;42;RT11_d0;Bra_napus;5121.8;30411.524
11;Div0;Leg+;3;42;RT11_d+3;Ger_disse;11.1999999999999;147.12
11;Div0;Leg+;6;42;RT11_d+6;Tri_alexa;241;2531.61
11;Div0;Leg+;9;42;RT11_d+9;Lol_peren;230.1;1113.942
11;Div0;Leg+;12;42;RT11_d+12;Tri_alexa;98.5;947.163
11;Div0;Leg+;15;42;RT11_d+15;Bra_napus;1070.8;10031.205
11;Div0;Leg+;18;42;RT11_d+18;Ver_persi;2.70000000000005;23.993
11;Div0;Leg+;21;42;RT11_d+21;Tri_alexa;342.9;3300.93
11;Div0;Leg+;24;42;RT11_d+24;Ger_disse;10;120.785
12;Div1;Leg+;-24;42;RT12_d-24;Tri_alexa;51.4000000000002;277.687
12;Div1;Leg+;-21;42;RT12_d-21;Ger_disse;2.00000000000011;40.838
12;Div1;Leg+;-18;42;RT12_d-18;Tri_alexa;17.7;125.019
12;Div1;Leg+;-15;42;RT12_d-15;Bra_napus;521.099999999999;3187.527
12;Div1;Leg+;-12;42;RT12_d-12;Lol_peren;65.0999999999998;378.01
12;Div1;Leg+;-9;42;RT12_d-9;Tri_alexa;31.2999999999998;388.554
12;Div1;Leg+;-6;42;RT12_d-6;Ver_persi;17.8000000000001;154.556
12;Div1;Leg+;-3;42;RT12_d-3;Tri_alexa;83.6999999999999;660.986
12;Div1;Leg+;0;42;RT12_d0;Bra_napus;5999.5;33422.313
12;Div1;Leg+;9;42;RT12_d+9;Lol_peren;569.9;2385.624
12;Div1;Leg+;12;42;RT12_d+12;Tri_alexa;27.7000000000002;284.73
12;Div1;Leg+;15;42;RT12_d+15;Bra_napus;248.7;1686.944
12;Div1;Leg+;18;42;RT12_d+18;Ver_persi;3.89999999999998;40.996
12;Div1;Leg+;21;42;RT12_d+21;Tri_alexa;170.9;1399
12;Div1;Leg+;24;42;RT12_d+24;Ger_disse;17.3999999999999;152.027
13;Div2;Leg+;-24;43;RT13_d-24;Tri_alexa;13;116.198
13;Div2;Leg+;-21;43;RT13_d-21;Ger_disse;4.89999999999998;69.37
13;Div2;Leg+;-18;43;RT13_d-18;Tri_alexa;17.3;60.737
13;Div2;Leg+;-15;43;RT13_d-15;Bra_napus;2377.9;13916.771
13;Div2;Leg+;-12;43;RT13_d-12;Lol_peren;43.1;265.325
13;Div2;Leg+;-9;43;RT13_d-9;Tri_alexa;57.0000000000001;474.784
13;Div2;Leg+;-6;43;RT13_d-6;Ver_persi;5.10000000000002;57.922
13;Div2;Leg+;-3;43;RT13_d-3;Tri_alexa;46.4;428.314
13;Div2;Leg+;0;43;RT13_d0;Bra_napus;3242;20274.016
13;Div2;Leg+;6;43;RT13_d+6;Tri_alexa;69.1999999999998;462.353
13;Div2;Leg+;9;43;RT13_d+9;Lol_peren;515.5;2839.493
13;Div2;Leg+;12;43;RT13_d+12;Tri_alexa;12.5999999999999;65.743
13;Div2;Leg+;15;43;RT13_d+15;Bra_napus;1691;10184.268
13;Div2;Leg+;18;43;RT13_d+18;Ver_persi;22.9;172.446
13;Div2;Leg+;21;43;RT13_d+21;Tri_alexa;77.4;655.528
14;Div3;Leg+;-15;43;RT14_d-15;Bra_napus;321.7395028;2747.216
14;Div3;Leg+;-12;43;RT14_d-12;Lol_peren;370.7;1516.692
14;Div3;Leg+;-9;43;RT14_d-9;Tri_alexa;158;1299.617
14;Div3;Leg+;-6;43;RT14_d-6;Ver_persi;7.20000000000005;60.847
14;Div3;Leg+;-3;43;RT14_d-3;Tri_alexa;37.5;168.681
14;Div3;Leg+;0;43;RT14_d0;Bra_napus;3953.6;20539.666
14;Div3;Leg+;6;43;RT14_d+6;Tri_alexa;27.3000000000001;172.474
14;Div3;Leg+;9;43;RT14_d+9;Lol_peren;294.1;1404.767
14;Div3;Leg+;12;42;RT14_d+12;Tri_alexa;3.19999999999993;
14;Div3;Leg+;12;43;RT14_d+12;Tri_alexa;17.2;160.392
14;Div3;Leg+;15;43;RT14_d+15;Bra_napus;1743;10732.891
14;Div3;Leg+;18;43;RT14_d+18;Ver_persi;5.20000000000016;61.553
14;Div3;Leg+;24;43;RT14_d+24;Ger_disse;11.2;132.745
15;Div0;Leg+;-24;43;RT15_d-24;Tri_alexa;35.4000000000001;290.953
15;Div0;Leg+;-18;43;RT15_d-18;Tri_alexa;19.8000000000001;83.108
15;Div0;Leg+;-15;43;RT15_d-15;Bra_napus;501.5;3412.545
15;Div0;Leg+;-12;43;RT15_d-12;Lol_peren;70.1000000000001;401.239
15;Div0;Leg+;-9;43;RT15_d-9;Tri_alexa;10.4999999999999;65.976
15;Div0;Leg+;-6;43;RT15_d-6;Ver_persi;62.5000000000001;577.363
15;Div0;Leg+;-3;43;RT15_d-3;Tri_alexa;44.5999999999999;486.527
15;Div0;Leg+;0;43;RT15_d0;Bra_napus;4012.1;22593.986
15;Div0;Leg+;3;43;RT15_d+3;Ger_disse;2.39999999999998;37.661
15;Div0;Leg+;9;43;RT15_d+9;Lol_peren;488.5;2681.252
15;Div0;Leg+;12;43;RT15_d+12;Tri_alexa;92.9;938.626
15;Div0;Leg+;15;43;RT15_d+15;Bra_napus;833.7;9739.769
15;Div0;Leg+;18;43;RT15_d+18;Ver_persi;12.3000000000001;123.552
15;Div0;Leg+;21;43;RT15_d+21;Tri_alexa;210.9;1830.271
16;Div1;Leg+;-24;43;RT16_d-24;Tri_alexa;29.1999999999999;122.752
16;Div1;Leg+;-18;43;RT16_d-18;Tri_alexa;31.5999999999999;242.282
16;Div1;Leg+;-12;43;RT16_d-12;Lol_peren;17.2;146.287
16;Div1;Leg+;-9;43;RT16_d-9;Tri_alexa;;
16;Div1;Leg+;-6;43;RT16_d-6;Ver_persi;4.70000000000005;46.969
16;Div1;Leg+;0;43;RT16_d0;Bra_napus;3955.3;22012.315
16;Div1;Leg+;3;43;RT16_d+3;Ger_disse;7.19999999999993;99.725
16;Div1;Leg+;6;43;RT16_d+6;Tri_alexa;30.0999999999999;286.417
16;Div1;Leg+;9;43;RT16_d+9;Lol_peren;407.7;2069.871
16;Div1;Leg+;12;43;RT16_d+12;Tri_alexa;57.6;601.969
16;Div1;Leg+;15;43;RT16_d+15;Bra_napus;2969.2;15914.892
16;Div1;Leg+;18;43;RT16_d+18;Ver_persi;5.90000000000009;88.067
16;Div1;Leg+;21;43;RT16_d+21;Tri_alexa;14.0000000000002;119.408
16;Div1;Leg+;24;43;RT16_d+24;Ger_disse;3.70000000000005;61.819
17;Div2;Leg+;-24;43;RT17_d-24;Tri_alexa;19.6999999999999;168.837
17;Div2;Leg+;-18;43;RT17_d-18;Tri_alexa;20.8;202.233
17;Div2;Leg+;-15;43;RT17_d-15;Bra_napus;4025.3;24003.817
17;Div2;Leg+;-12;43;RT17_d-12;Lol_peren;218.5;1694.183
17;Div2;Leg+;-9;43;RT17_d-9;Tri_alexa;32.9000000000001;315.321
17;Div2;Leg+;-6;43;RT17_d-6;Ver_persi;8.89999999999986;107.478
17;Div2;Leg+;-3;43;RT17_d-3;Tri_alexa;252.4;2563.128
17;Div2;Leg+;0;43;RT17_d0;Bra_napus;215.5;1737.228
17;Div2;Leg+;3;43;RT17_d+3;Ger_disse;1;
17;Div2;Leg+;6;43;RT17_d+6;Tri_alexa;48.3000000000001;502.502
17;Div2;Leg+;9;43;RT17_d+9;Lol_peren;850.100000000001;5370.625
17;Div2;Leg+;21;43;RT17_d+21;Tri_alexa;117.4;1098
17;Div2;Leg+;24;43;RT17_d+24;Ger_disse;33.9999999999999;335.295
18;Div3;Leg+;-24;43;RT18_d-24;Tri_alexa;31.4;305.513
18;Div3;Leg+;-18;43;RT18_d-18;Tri_alexa;56.3000000000001;531.429
18;Div3;Leg+;-15;43;RT18_d-15;Bra_napus;929.7;6208.668
18;Div3;Leg+;-12;43;RT18_d-12;Lol_peren;108;726.26
18;Div3;Leg+;-6;43;RT18_d-6;Ver_persi;0.999999999999886;14.05
18;Div3;Leg+;-3;43;RT18_d-3;Tri_alexa;15.1000000000001;116.36
18;Div3;Leg+;0;43;RT18_d0;Bra_napus;2811.1;18575.997
18;Div3;Leg+;3;43;RT18_d+3;Ger_disse;9.20000000000005;118.97
18;Div3;Leg+;6;43;RT18_d+6;Tri_alexa;63.4000000000002;711.619
18;Div3;Leg+;9;43;RT18_d+9;Lol_peren;343.5;1934.401
18;Div3;Leg+;12;43;RT18_d+12;Tri_alexa;18.8000000000002;140.453
18;Div3;Leg+;15;43;RT18_d+15;Bra_napus;1268.70518388;7040.36
18;Div3;Leg+;21;43;RT18_d+21;Tri_alexa;25.6235618999999;275.902
18;Div3;Leg+;24;43;RT18_d+24;Ger_disse;1.70000000000005;38.216
19;Div0;Leg+;-24;43;RT19_d-24;Tri_alexa;7.89999999999998;
19;Div0;Leg+;-24;44;RT19_d-24;Tri_alexa;6.5;
19;Div0;Leg+;-21;44;RT19_d-21;Ger_disse;4.59999999999991;90.265
19;Div0;Leg+;-18;44;RT19_d-18;Tri_alexa;57.1000000000001;356.767
19;Div0;Leg+;-15;44;RT19_d-15;Bra_napus;1667.5;10129.585
19;Div0;Leg+;-12;44;RT19_d-12;Lol_peren;79.9000000000001;246.998
19;Div0;Leg+;-9;43;RT19_d-9;Tri_alexa;3.79999999999995;
19;Div0;Leg+;-9;44;RT19_d-9;Tri_alexa;14.4000000000003;142.117
19;Div0;Leg+;-6;43;RT19_d-6;Ver_persi;2.09999999999991;
19;Div0;Leg+;-6;44;RT19_d-6;Ver_persi;1.60000000000002;29.512
19;Div0;Leg+;-3;43;RT19_d-3;Tri_alexa;1.69999999999993;
19;Div0;Leg+;-3;44;RT19_d-3;Tri_alexa;30.8999999999999;215.414
19;Div0;Leg+;0;44;RT19_d0;Bra_napus;2166.5;14329.905
19;Div0;Leg+;3;43;RT19_d+3;Ger_disse;3.39999999999998;
19;Div0;Leg+;3;44;RT19_d+3;Ger_disse;1.60000000000002;70.443
19;Div0;Leg+;6;43;RT19_d+6;Tri_alexa;6.30000000000007;
19;Div0;Leg+;6;44;RT19_d+6;Tri_alexa;10;113.99
19;Div0;Leg+;9;43;RT19_d+9;Lol_peren;79.8000000000001;
19;Div0;Leg+;9;44;RT19_d+9;Lol_peren;130.5;1072.627
19;Div0;Leg+;12;43;RT19_d+12;Tri_alexa;4.79999999999995;
19;Div0;Leg+;12;44;RT19_d+12;Tri_alexa;20;208.582
19;Div0;Leg+;15;43;RT19_d+15;Bra_napus;409.4;
19;Div0;Leg+;15;44;RT19_d+15;Bra_napus;1947.4;12890.225
19;Div0;Leg+;18;43;RT19_d+18;Ver_persi;1.60000000000002;
19;Div0;Leg+;18;44;RT19_d+18;Ver_persi;0.300000000000182;22.358
19;Div0;Leg+;24;44;RT19_d+24;Ger_disse;23.3;269.124
20;Div1;Leg+;-24;44;RT20_d-24;Tri_alexa;70.3999999999997;562.541
20;Div1;Leg+;-21;44;RT20_d-21;Ger_disse;10.6999999999999;
20;Div1;Leg+;-18;44;RT20_d-18;Tri_alexa;10.2;57.475
20;Div1;Leg+;-15;44;RT20_d-15;Bra_napus;3090;18437.859
20;Div1;Leg+;-12;44;RT20_d-12;Lol_peren;246.3;1240.813
20;Div1;Leg+;-9;44;RT20_d-9;Tri_alexa;42.5999999999999;481.34
20;Div1;Leg+;-6;44;RT20_d-6;Ver_persi;143.5;1106.425
20;Div1;Leg+;-3;44;RT20_d-3;Tri_alexa;14.2;88.842
20;Div1;Leg+;0;44;RT20_d0;Bra_napus;2527.3;15596.927
20;Div1;Leg+;3;44;RT20_d+3;Ger_disse;2.10000000000014;34.743
20;Div1;Leg+;6;44;RT20_d+6;Tri_alexa;16.3000000000001;104.024
20;Div1;Leg+;9;44;RT20_d+9;Lol_peren;527.699999999999;2987.134
20;Div1;Leg+;12;44;RT20_d+12;Tri_alexa;92.8000000000001;1041.002
20;Div1;Leg+;15;44;RT20_d+15;Bra_napus;1108.1;7805.701
20;Div1;Leg+;18;44;RT20_d+18;Ver_persi;3.5;
20;Div1;Leg+;21;44;RT20_d+21;Tri_alexa;26.4999999999998;272.117
20;Div1;Leg+;24;44;RT20_d+24;Ger_disse;21;171.33
21;Div2;Leg-;-24;43;RT21_d-24;Lol_peren;18.6000000000002;
21;Div2;Leg-;-24;44;RT21_d-24;Lol_peren;52.8899999999999;
21;Div2;Leg-;-18;43;RT21_d-18;Ver_persi;10.5000000000004;
21;Div2;Leg-;-18;44;RT21_d-18;Ver_persi;8.9999999999999;
21;Div2;Leg-;-15;43;RT21_d-15;Bra_napus;843.1;
21;Div2;Leg-;-15;44;RT21_d-15;Bra_napus;2172.039626;
21;Div2;Leg-;-12;43;RT21_d-12;Lol_peren;10.4000000000002;
21;Div2;Leg-;-12;44;RT21_d-12;Lol_peren;15.46;
21;Div2;Leg-;-9;43;RT21_d-9;Ger_disse;11.5000000000001;
21;Div2;Leg-;-9;44;RT21_d-9;Ger_disse;9.81999999999994;
21;Div2;Leg-;-3;43;RT21_d-3;Lol_peren;100.1;
21;Div2;Leg-;-3;44;RT21_d-3;Lol_peren;76.1000000000003;
21;Div2;Leg-;0;44;RT21_d0;Bra_napus;2717.4;
21;Div2;Leg-;3;43;RT21_d+3;Ger_disse;5.70000000000026;
21;Div2;Leg-;3;44;RT21_d+3;Ger_disse;9.09000000000004;
21;Div2;Leg-;6;43;RT21_d+6;Ver_persi;18.7000000000002;
21;Div2;Leg-;6;44;RT21_d+6;Ver_persi;22.3200000000001;
21;Div2;Leg-;9;43;RT21_d+9;Lol_peren;332.3;
21;Div2;Leg-;9;44;RT21_d+9;Lol_peren;348.4;
21;Div2;Leg-;12;43;RT21_d+12;Ger_disse;9.2000000000001;
21;Div2;Leg-;12;44;RT21_d+12;Ger_disse;14.24;
21;Div2;Leg-;15;43;RT21_d+15;Bra_napus;494.2;
21;Div2;Leg-;15;44;RT21_d+15;Bra_napus;841.399999999999;
21;Div2;Leg-;18;43;RT21_d+18;Ver_persi;12.6000000000002;
21;Div2;Leg-;18;44;RT21_d+18;Ver_persi;20.8600000000001;
21;Div2;Leg-;21;43;RT21_d+21;Lol_peren;322.7;
21;Div2;Leg-;21;44;RT21_d+21;Lol_peren;383.56;
21;Div2;Leg-;24;43;RT21_d+24;Ger_disse;10.3000000000002;
21;Div2;Leg-;24;44;RT21_d+24;Ger_disse;30.3199999999999;
22;Div3;Leg-;-24;43;RT22_d-24;Lol_peren;154.14;
22;Div3;Leg-;-21;43;RT22_d-21;Ger_disse;21.5099999999999;
22;Div3;Leg-;-18;43;RT22_d-18;Ver_persi;26.4700000000004;
22;Div3;Leg-;-15;43;RT22_d-15;Bra_napus;3293.5;
22;Div3;Leg-;-12;43;RT22_d-12;Lol_peren;365.22;
22;Div3;Leg-;-9;43;RT22_d-9;Ger_disse;8.49999999999995;
22;Div3;Leg-;-6;43;RT22_d-6;Ver_persi;63.4499999999999;
22;Div3;Leg-;-3;43;RT22_d-3;Lol_peren;420.6;
22;Div3;Leg-;0;43;RT22_d0;Bra_napus;446.09;
22;Div3;Leg-;6;43;RT22_d+6;Ver_persi;36.4400000000001;
22;Div3;Leg-;9;43;RT22_d+9;Lol_peren;246.83;
22;Div3;Leg-;12;43;RT22_d+12;Ger_disse;9.20999999999994;
22;Div3;Leg-;15;43;RT22_d+15;Bra_napus;774.2;
22;Div3;Leg-;18;43;RT22_d+18;Ver_persi;24.1500000000003;
22;Div3;Leg-;21;43;RT22_d+21;Lol_peren;240.91;
22;Div3;Leg-;24;43;RT22_d+24;Ger_disse;48.3499999999999;
23;Div0;Leg-;-24;43;RT23_d-24;Lol_peren;218.5;
23;Div0;Leg-;-21;43;RT23_d-21;Ger_disse;17.72;
23;Div0;Leg-;-18;43;RT23_d-18;Ver_persi;48.7999999999999;
23;Div0;Leg-;-15;43;RT23_d-15;Bra_napus;19.8900000000002;
23;Div0;Leg-;-12;43;RT23_d-12;Lol_peren;291.8;
23;Div0;Leg-;-9;43;RT23_d-9;Ger_disse;7.33000000000006;
23;Div0;Leg-;-6;43;RT23_d-6;Ver_persi;34.4999999999999;
23;Div0;Leg-;-3;43;RT23_d-3;Lol_peren;216.7;
23;Div0;Leg-;0;43;RT23_d0;Bra_napus;1588.793541;
23;Div0;Leg-;3;43;RT23_d+3;Ger_disse;69.2899999999997;
23;Div0;Leg-;6;43;RT23_d+6;Ver_persi;18.7200000000001;
23;Div0;Leg-;9;43;RT23_d+9;Lol_peren;401.2;
23;Div0;Leg-;12;43;RT23_d+12;Ger_disse;10.3600000000001;
23;Div0;Leg-;15;43;RT23_d+15;Bra_napus;1230.17;
23;Div0;Leg-;18;43;RT23_d+18;Ver_persi;46.0899999999998;
23;Div0;Leg-;21;43;RT23_d+21;Lol_peren;808.3;
23;Div0;Leg-;24;43;RT23_d+24;Ger_disse;44.1000000000002;
24;Div1;Leg-;-24;43;RT24_d-24;Lol_peren;181.91;
24;Div1;Leg-;-21;43;RT24_d-21;Ger_disse;13.87;
24;Div1;Leg-;-18;43;RT24_d-18;Ver_persi;10.9700000000001;
24;Div1;Leg-;-15;43;RT24_d-15;Bra_napus;521.71;
24;Div1;Leg-;-12;43;RT24_d-12;Lol_peren;193.69;
24;Div1;Leg-;-9;43;RT24_d-9;Ger_disse;32.6999999999998;
24;Div1;Leg-;-6;43;RT24_d-6;Ver_persi;41.3200000000002;
24;Div1;Leg-;-3;43;RT24_d-3;Lol_peren;59.7400000000003;
24;Div1;Leg-;0;43;RT24_d0;Bra_napus;3964.128491;
24;Div1;Leg-;3;43;RT24_d+3;Ger_disse;25.6000000000002;
24;Div1;Leg-;6;43;RT24_d+6;Ver_persi;31.5999999999998;
24;Div1;Leg-;9;43;RT24_d+9;Lol_peren;58.0999999999998;
24;Div1;Leg-;12;43;RT24_d+12;Ger_disse;15.6799999999999;
24;Div1;Leg-;15;43;RT24_d+15;Bra_napus;641.7;
24;Div1;Leg-;18;43;RT24_d+18;Ver_persi;13.1399999999999;
24;Div1;Leg-;21;43;RT24_d+21;Lol_peren;254.39;
25;Div2;Leg-;-24;43;RT25_d-24;Lol_peren;43.86;
25;Div2;Leg-;-21;43;RT25_d-21;Ger_disse;4.39999999999996;
25;Div2;Leg-;-18;43;RT25_d-18;Ver_persi;9.50999999999991;
25;Div2;Leg-;-15;43;RT25_d-15;Bra_napus;1846.8;
25;Div2;Leg-;-12;43;RT25_d-12;Lol_peren;110.959999999999;
25;Div2;Leg-;-9;43;RT25_d-9;Ger_disse;20.6899999999999;
25;Div2;Leg-;-6;43;RT25_d-6;Ver_persi;3.02000000000017;
25;Div2;Leg-;-3;43;RT25_d-3;Lol_peren;25.6200000000002;
25;Div2;Leg-;0;43;RT25_d0;Bra_napus;1777.2;
25;Div2;Leg-;3;43;RT25_d+3;Ger_disse;2.43999999999978;
25;Div2;Leg-;6;43;RT25_d+6;Ver_persi;1.41000000000036;
25;Div2;Leg-;9;43;RT25_d+9;Lol_peren;583.3;
25;Div2;Leg-;12;43;RT25_d+12;Ger_disse;12.3500000000001;
25;Div2;Leg-;15;43;RT25_d+15;Bra_napus;1307.7;
25;Div2;Leg-;18;43;RT25_d+18;Ver_persi;25.09;
25;Div2;Leg-;21;43;RT25_d+21;Lol_peren;669.3;
25;Div2;Leg-;24;43;RT25_d+24;Ger_disse;2.27999999999983;
26;Div3;Leg-;-24;42;RT26_d-24;Lol_peren;86.0800000000003;
26;Div3;Leg-;-21;42;RT26_d-21;Ger_disse;9.14000000000015;
26;Div3;Leg-;-18;42;RT26_d-18;Ver_persi;11.9200000000002;
26;Div3;Leg-;-15;42;RT26_d-15;Bra_napus;1017.81;
26;Div3;Leg-;-12;42;RT26_d-12;Lol_peren;57.5899999999997;
26;Div3;Leg-;-6;42;RT26_d-6;Ver_persi;10.1;
26;Div3;Leg-;-3;42;RT26_d-3;Lol_peren;162.569999999999;
26;Div3;Leg-;0;42;RT26_d0;Bra_napus;2026.46;
26;Div3;Leg-;3;42;RT26_d+3;Ger_disse;64.11;
26;Div3;Leg-;6;42;RT26_d+6;Ver_persi;63.0499999999996;
26;Div3;Leg-;9;42;RT26_d+9;Lol_peren;308.32;
26;Div3;Leg-;12;42;RT26_d+12;Ger_disse;44.3799999999999;
26;Div3;Leg-;15;42;RT26_d+15;Bra_napus;754.599999999999;
26;Div3;Leg-;18;42;RT26_d+18;Ver_persi;8.49999999999973;
26;Div3;Leg-;21;42;RT26_d+21;Lol_peren;357.82;
26;Div3;Leg-;24;42;RT26_d+24;Ger_disse;16.33;
27;Div0;Leg-;-24;42;RT27_d-24;Lol_peren;177.38;
27;Div0;Leg-;-21;42;RT27_d-21;Ger_disse;11.3300000000001;
27;Div0;Leg-;-18;42;RT27_d-18;Ver_persi;4.55000000000005;
27;Div0;Leg-;-15;42;RT27_d-15;Bra_napus;1163.99;
27;Div0;Leg-;-12;42;RT27_d-12;Lol_peren;274.63;
27;Div0;Leg-;-9;42;RT27_d-9;Ger_disse;8.19000000000014;
27;Div0;Leg-;-6;42;RT27_d-6;Ver_persi;2.27000000000022;
27;Div0;Leg-;-3;42;RT27_d-3;Lol_peren;379.1;
27;Div0;Leg-;0;42;RT27_d0;Bra_napus;2120.48;
27;Div0;Leg-;3;42;RT27_d+3;Ger_disse;18.17;
27;Div0;Leg-;6;42;RT27_d+6;Ver_persi;18.3999999999997;
27;Div0;Leg-;9;42;RT27_d+9;Lol_peren;243.66;
27;Div0;Leg-;12;42;RT27_d+12;Ger_disse;17.32;
27;Div0;Leg-;15;42;RT27_d+15;Bra_napus;2980.22;
27;Div0;Leg-;18;42;RT27_d+18;Ver_persi;14.51;
27;Div0;Leg-;21;42;RT27_d+21;Lol_peren;121.71;
27;Div0;Leg-;24;42;RT27_d+24;Ger_disse;59.0500000000001;
28;Div1;Leg-;-24;42;RT28_d-24;Lol_peren;150.2;
28;Div1;Leg-;-21;42;RT28_d-21;Ger_disse;28.0799999999999;
28;Div1;Leg-;-18;42;RT28_d-18;Ver_persi;39.2699999999999;
28;Div1;Leg-;-15;42;RT28_d-15;Bra_napus;1248.04;
28;Div1;Leg-;-12;42;RT28_d-12;Lol_peren;96.5000000000001;
28;Div1;Leg-;-9;42;RT28_d-9;Ger_disse;22.9000000000002;
28;Div1;Leg-;-6;42;RT28_d-6;Ver_persi;18.23;
28;Div1;Leg-;-3;42;RT28_d-3;Lol_peren;562.89;
28;Div1;Leg-;0;42;RT28_d0;Bra_napus;778.249999999999;
28;Div1;Leg-;3;42;RT28_d+3;Ger_disse;16.9900000000001;
28;Div1;Leg-;6;42;RT28_d+6;Ver_persi;29.6399999999999;
28;Div1;Leg-;9;42;RT28_d+9;Lol_peren;690.35;
28;Div1;Leg-;12;42;RT28_d+12;Ger_disse;11.8100000000001;
28;Div1;Leg-;15;42;RT28_d+15;Bra_napus;1656.13;
28;Div1;Leg-;18;42;RT28_d+18;Ver_persi;19.4099999999999;
28;Div1;Leg-;21;42;RT28_d+21;Lol_peren;878.07;
28;Div1;Leg-;24;42;RT28_d+24;Ger_disse;22.3799999999998;
29;Div2;Leg-;-24;42;RT29_d-24;Lol_peren;130.16;
29;Div2;Leg-;-21;42;RT29_d-21;Ger_disse;19.4700000000001;
29;Div2;Leg-;-18;42;RT29_d-18;Ver_persi;23.19;
29;Div2;Leg-;-15;42;RT29_d-15;Bra_napus;2184.51;
29;Div2;Leg-;-12;42;RT29_d-12;Lol_peren;115.2;
29;Div2;Leg-;-9;42;RT29_d-9;Ger_disse;27.93;
29;Div2;Leg-;-6;42;RT29_d-6;Ver_persi;2.46999999999997;
29;Div2;Leg-;-3;42;RT29_d-3;Lol_peren;197.19;
29;Div2;Leg-;0;42;RT29_d0;Bra_napus;1917.42;
29;Div2;Leg-;3;42;RT29_d+3;Ger_disse;24.8500000000001;
29;Div2;Leg-;6;42;RT29_d+6;Ver_persi;37.9700000000002;
29;Div2;Leg-;9;42;RT29_d+9;Lol_peren;392.57;
29;Div2;Leg-;12;42;RT29_d+12;Ger_disse;13.8100000000001;
29;Div2;Leg-;15;42;RT29_d+15;Bra_napus;1200.78;
29;Div2;Leg-;18;42;RT29_d+18;Ver_persi;17.9100000000001;
29;Div2;Leg-;21;42;RT29_d+21;Lol_peren;259.28;
29;Div2;Leg-;24;42;RT29_d+24;Ger_disse;24.9999999999997;
30;Div3;Leg-;-24;42;RT30_d-24;Lol_peren;229.89;
30;Div3;Leg-;-21;42;RT30_d-21;Ger_disse;13.5700000000001;
30;Div3;Leg-;-18;42;RT30_d-18;Ver_persi;22.3400000000002;
30;Div3;Leg-;-15;42;RT30_d-15;Bra_napus;2570.44;
30;Div3;Leg-;-12;42;RT30_d-12;Lol_peren;251.26;
30;Div3;Leg-;-9;42;RT30_d-9;Ger_disse;9.06000000000007;
30;Div3;Leg-;-6;42;RT30_d-6;Ver_persi;49.69;
30;Div3;Leg-;-3;42;RT30_d-3;Lol_peren;189.64;
30;Div3;Leg-;0;42;RT30_d0;Bra_napus;1207.47;
30;Div3;Leg-;3;42;RT30_d+3;Ger_disse;19.3000000000001;
30;Div3;Leg-;6;42;RT30_d+6;Ver_persi;51.2700000000001;
30;Div3;Leg-;9;42;RT30_d+9;Lol_peren;155.14;
30;Div3;Leg-;12;42;RT30_d+12;Ger_disse;22.54;
30;Div3;Leg-;15;42;RT30_d+15;Bra_napus;2118.44;
30;Div3;Leg-;18;42;RT30_d+18;Ver_persi;41.1000000000001;
30;Div3;Leg-;21;42;RT30_d+21;Lol_peren;260.19;
30;Div3;Leg-;24;42;RT30_d+24;Ger_disse;16.0199999999997;
31;Div2;Leg+;-24;42;RT31_d-24;Tri_alexa;151.679999999999;
31;Div2;Leg+;-21;42;RT31_d-21;Ger_disse;17.1700000000001;
31;Div2;Leg+;-18;42;RT31_d-18;Tri_alexa;72.39;
31;Div2;Leg+;-15;42;RT31_d-15;Bra_napus;1890.09;
31;Div2;Leg+;-12;42;RT31_d-12;Lol_peren;152.46;
31;Div2;Leg+;-9;42;RT31_d-9;Tri_alexa;20.6600000000001;
31;Div2;Leg+;-6;42;RT31_d-6;Ver_persi;3.83;
31;Div2;Leg+;-3;42;RT31_d-3;Tri_alexa;21.0799999999997;
31;Div2;Leg+;0;42;RT31_d0;Bra_napus;3767.1;
31;Div2;Leg+;3;42;RT31_d+3;Ger_disse;8.19999999999998;
31;Div2;Leg+;6;42;RT31_d+6;Tri_alexa;88.0300000000004;
31;Div2;Leg+;9;42;RT31_d+9;Lol_peren;37.14;
31;Div2;Leg+;12;42;RT31_d+12;Tri_alexa;27.2799999999999;
31;Div2;Leg+;15;42;RT31_d+15;Bra_napus;1401.58;
31;Div2;Leg+;18;42;RT31_d+18;Ver_persi;36.7900000000001;
31;Div2;Leg+;21;42;RT31_d+21;Tri_alexa;76.5800000000001;
31;Div2;Leg+;24;42;RT31_d+24;Ger_disse;32.0400000000001;
32;Div3;Leg+;-24;42;RT32_d-24;Tri_alexa;64.2499999999998;
32;Div3;Leg+;-21;42;RT32_d-21;Ger_disse;16.1299999999999;
32;Div3;Leg+;-18;42;RT32_d-18;Tri_alexa;24.3300000000002;
32;Div3;Leg+;-15;42;RT32_d-15;Bra_napus;5156.1;
32;Div3;Leg+;-12;42;RT32_d-12;Lol_peren;191.02;
32;Div3;Leg+;-9;42;RT32_d-9;Tri_alexa;42.6800000000002;
32;Div3;Leg+;0;42;RT32_d0;Bra_napus;479.37;
32;Div3;Leg+;3;42;RT32_d+3;Ger_disse;23.0899999999998;
32;Div3;Leg+;6;42;RT32_d+6;Tri_alexa;67.8700000000003;
32;Div3;Leg+;9;42;RT32_d+9;Lol_peren;103.54;
32;Div3;Leg+;12;42;RT32_d+12;Tri_alexa;84.1800000000001;
32;Div3;Leg+;15;42;RT32_d+15;Bra_napus;1309.43;
32;Div3;Leg+;18;42;RT32_d+18;Ver_persi;13.3600000000003;
32;Div3;Leg+;21;42;RT32_d+21;Tri_alexa;224.14;
32;Div3;Leg+;24;42;RT32_d+24;Ger_disse;46.37;
33;Div0;Leg+;-24;42;RT33_d-24;Tri_alexa;221.91;
33;Div0;Leg+;-21;42;RT33_d-21;Ger_disse;15.8900000000002;
33;Div0;Leg+;-18;42;RT33_d-18;Tri_alexa;133.94;
33;Div0;Leg+;-15;42;RT33_d-15;Bra_napus;1946.42;
33;Div0;Leg+;-12;42;RT33_d-12;Lol_peren;206.51;
33;Div0;Leg+;-9;42;RT33_d-9;Tri_alexa;18.7900000000003;
33;Div0;Leg+;-6;42;RT33_d-6;Ver_persi;27.5299999999996;
33;Div0;Leg+;-3;42;RT33_d-3;Tri_alexa;51.1599999999999;
33;Div0;Leg+;0;42;RT33_d0;Bra_napus;1900.31;
33;Div0;Leg+;3;42;RT33_d+3;Ger_disse;9.30999999999993;
33;Div0;Leg+;9;42;RT33_d+9;Lol_peren;93.9399999999999;
33;Div0;Leg+;12;42;RT33_d+12;Tri_alexa;39.8600000000002;
33;Div0;Leg+;15;42;RT33_d+15;Bra_napus;1527.28;
33;Div0;Leg+;18;42;RT33_d+18;Ver_persi;31.76;
33;Div0;Leg+;21;42;RT33_d+21;Tri_alexa;25.4400000000003;
33;Div0;Leg+;24;42;RT33_d+24;Ger_disse;42.9899999999999;
34;Div1;Leg+;-24;42;RT34_d-24;Tri_alexa;33.1499999999996;
34;Div1;Leg+;-21;42;RT34_d-21;Ger_disse;35.52;
34;Div1;Leg+;-18;42;RT34_d-18;Tri_alexa;26.9000000000001;
34;Div1;Leg+;-15;42;RT34_d-15;Bra_napus;3101.83;
34;Div1;Leg+;-12;42;RT34_d-12;Lol_peren;172.65;
34;Div1;Leg+;-9;42;RT34_d-9;Tri_alexa;36.9399999999996;
34;Div1;Leg+;-6;42;RT34_d-6;Ver_persi;49.5800000000003;
34;Div1;Leg+;0;42;RT34_d0;Bra_napus;2172.632738;
34;Div1;Leg+;3;42;RT34_d+3;Ger_disse;30;
34;Div1;Leg+;6;42;RT34_d+6;Tri_alexa;8.72000000000006;
34;Div1;Leg+;9;42;RT34_d+9;Lol_peren;64.0700000000004;
34;Div1;Leg+;12;42;RT34_d+12;Tri_alexa;26.6199999999999;
34;Div1;Leg+;15;42;RT34_d+15;Bra_napus;1454.58;
34;Div1;Leg+;18;42;RT34_d+18;Ver_persi;66.6;
34;Div1;Leg+;21;42;RT34_d+21;Tri_alexa;100.42;
34;Div1;Leg+;24;42;RT34_d+24;Ger_disse;24.4299999999995;
35;Div2;Leg+;-24;42;RT35_d-24;Tri_alexa;35.3999999999998;
35;Div2;Leg+;-21;42;RT35_d-21;Ger_disse;16.1499999999999;
35;Div2;Leg+;-18;42;RT35_d-18;Tri_alexa;28.6000000000004;
35;Div2;Leg+;-15;42;RT35_d-15;Bra_napus;1405.1;
35;Div2;Leg+;-12;42;RT35_d-12;Lol_peren;164.9;
35;Div2;Leg+;-9;42;RT35_d-9;Tri_alexa;37.5000000000002;
35;Div2;Leg+;-6;42;RT35_d-6;Ver_persi;53.2399999999997;
35;Div2;Leg+;-3;42;RT35_d-3;Tri_alexa;81.2899999999998;
35;Div2;Leg+;0;42;RT35_d0;Bra_napus;1929.3;
35;Div2;Leg+;3;42;RT35_d+3;Ger_disse;8.76000000000019;
35;Div2;Leg+;9;42;RT35_d+9;Lol_peren;50.1999999999998;
35;Div2;Leg+;12;42;RT35_d+12;Tri_alexa;19.5999999999997;
35;Div2;Leg+;15;42;RT35_d+15;Bra_napus;2609.4;
35;Div2;Leg+;18;42;RT35_d+18;Ver_persi;6.1199999999999;
35;Div2;Leg+;21;42;RT35_d+21;Tri_alexa;71.1000000000004;
36;Div3;Leg+;-24;43;RT36_d-24;Tri_alexa;277.07;
36;Div3;Leg+;-21;43;RT36_d-21;Ger_disse;176.44;
36;Div3;Leg+;-18;43;RT36_d-18;Tri_alexa;18.84;
36;Div3;Leg+;-15;43;RT36_d-15;Bra_napus;986.239999999999;
36;Div3;Leg+;-12;43;RT36_d-12;Lol_peren;785.1;
36;Div3;Leg+;-9;43;RT36_d-9;Tri_alexa;91.5199999999998;
36;Div3;Leg+;-6;43;RT36_d-6;Ver_persi;26.0100000000001;
36;Div3;Leg+;-3;43;RT36_d-3;Tri_alexa;210.57;
36;Div3;Leg+;3;43;RT36_d+3;Ger_disse;108.17;
36;Div3;Leg+;6;43;RT36_d+6;Tri_alexa;38.0900000000002;
36;Div3;Leg+;9;43;RT36_d+9;Lol_peren;199.43;
36;Div3;Leg+;12;43;RT36_d+12;Tri_alexa;87.9400000000001;
36;Div3;Leg+;15;43;RT36_d+15;Bra_napus;3243;
36;Div3;Leg+;18;43;RT36_d+18;Ver_persi;9.81999999999994;
36;Div3;Leg+;21;43;RT36_d+21;Tri_alexa;242.86;
36;Div3;Leg+;24;43;RT36_d+24;Ger_disse;105.89;
37;Div0;Leg+;-24;43;RT37_d-24;Tri_alexa;140.98;
37;Div0;Leg+;-21;43;RT37_d-21;Ger_disse;18.8700000000002;
37;Div0;Leg+;-18;43;RT37_d-18;Tri_alexa;32.2499999999999;
37;Div0;Leg+;-15;43;RT37_d-15;Bra_napus;222.95;
37;Div0;Leg+;-12;43;RT37_d-12;Lol_peren;220.43;
37;Div0;Leg+;-9;43;RT37_d-9;Tri_alexa;82.1600000000005;
37;Div0;Leg+;-6;43;RT37_d-6;Ver_persi;28.4499999999998;
37;Div0;Leg+;-3;43;RT37_d-3;Tri_alexa;81.0100000000005;
37;Div0;Leg+;0;43;RT37_d0;Bra_napus;2534.4;
37;Div0;Leg+;6;43;RT37_d+6;Tri_alexa;114.45;
37;Div0;Leg+;9;43;RT37_d+9;Lol_peren;186.12;
37;Div0;Leg+;12;43;RT37_d+12;Tri_alexa;148.47;
37;Div0;Leg+;15;43;RT37_d+15;Bra_napus;1580.4;
37;Div0;Leg+;18;43;RT37_d+18;Ver_persi;6.3899999999999;
37;Div0;Leg+;21;43;RT37_d+21;Tri_alexa;65.7699999999998;
38;Div1;Leg+;-24;43;RT38_d-24;Tri_alexa;146.04;
38;Div1;Leg+;-21;43;RT38_d-21;Ger_disse;26.17;
38;Div1;Leg+;-18;43;RT38_d-18;Tri_alexa;326.13;
38;Div1;Leg+;-15;43;RT38_d-15;Bra_napus;667.95;
38;Div1;Leg+;-12;43;RT38_d-12;Lol_peren;166.73;
38;Div1;Leg+;-9;43;RT38_d-9;Tri_alexa;24.4599999999999;
38;Div1;Leg+;-6;43;RT38_d-6;Ver_persi;130.27;
38;Div1;Leg+;-3;43;RT38_d-3;Tri_alexa;32.9500000000003;
38;Div1;Leg+;0;43;RT38_d0;Bra_napus;1391.8;
38;Div1;Leg+;6;43;RT38_d+6;Tri_alexa;38.51;
38;Div1;Leg+;9;43;RT38_d+9;Lol_peren;94.7;
38;Div1;Leg+;15;43;RT38_d+15;Bra_napus;3262.5;
38;Div1;Leg+;18;43;RT38_d+18;Ver_persi;6.10000000000021;
38;Div1;Leg+;24;43;RT38_d+24;Ger_disse;17.3800000000002;
39;Div2;Leg+;-24;44;RT39_d-24;Tri_alexa;37.7099999999999;
39;Div2;Leg+;-21;44;RT39_d-21;Ger_disse;13.15;
39;Div2;Leg+;-18;44;RT39_d-18;Tri_alexa;148.52;
39;Div2;Leg+;-15;44;RT39_d-15;Bra_napus;1971.7;
39;Div2;Leg+;-12;44;RT39_d-12;Lol_peren;301.96;
39;Div2;Leg+;-9;44;RT39_d-9;Tri_alexa;224.05;
39;Div2;Leg+;-3;44;RT39_d-3;Tri_alexa;68.2200000000001;
39;Div2;Leg+;0;44;RT39_d0;Bra_napus;1134.32;
39;Div2;Leg+;3;44;RT39_d+3;Ger_disse;21.0400000000002;
39;Div2;Leg+;6;44;RT39_d+6;Tri_alexa;90.9800000000005;
39;Div2;Leg+;9;44;RT39_d+9;Lol_peren;223.1;
39;Div2;Leg+;12;44;RT39_d+12;Tri_alexa;50.8800000000002;
39;Div2;Leg+;15;44;RT39_d+15;Bra_napus;1815.9;
39;Div2;Leg+;18;44;RT39_d+18;Ver_persi;16.16;
39;Div2;Leg+;21;44;RT39_d+21;Tri_alexa;81.1799999999996;
39;Div2;Leg+;24;44;RT39_d+24;Ger_disse;67.9899999999999;
40;Div3;Leg+;-21;44;RT40_d-21;Ger_disse;19.2399999999999;
40;Div3;Leg+;-18;44;RT40_d-18;Tri_alexa;172.24;
40;Div3;Leg+;-15;44;RT40_d-15;Bra_napus;2488.03;
40;Div3;Leg+;-12;44;RT40_d-12;Lol_peren;381.95;
40;Div3;Leg+;-9;44;RT40_d-9;Tri_alexa;68.05;
40;Div3;Leg+;0;44;RT40_d0;Bra_napus;1592.7;
40;Div3;Leg+;3;44;RT40_d+3;Ger_disse;49.1200000000003;
40;Div3;Leg+;6;44;RT40_d+6;Tri_alexa;32.42;
40;Div3;Leg+;9;44;RT40_d+9;Lol_peren;288.24;
40;Div3;Leg+;12;44;RT40_d+12;Tri_alexa;152.36;
40;Div3;Leg+;15;44;RT40_d+15;Bra_napus;2898.3;
40;Div3;Leg+;18;44;RT40_d+18;Ver_persi;45.0500000000002;
40;Div3;Leg+;24;44;RT40_d+24;Ger_disse;42.5099999999999;
41;Div1;Leg-;-24;42;RT41_d-24;Lol_peren;450.01;
41;Div1;Leg-;-21;42;RT41_d-21;Ger_disse;47.4299999999997;
41;Div1;Leg-;-18;42;RT41_d-18;Ver_persi;51.4199999999998;
41;Div1;Leg-;-15;42;RT41_d-15;Bra_napus;717.65;
41;Div1;Leg-;-12;42;RT41_d-12;Lol_peren;123.669999999999;
41;Div1;Leg-;-9;42;RT41_d-9;Ger_disse;18.5199999999998;
41;Div1;Leg-;-6;42;RT41_d-6;Ver_persi;18.09;
41;Div1;Leg-;-3;42;RT41_d-3;Lol_peren;238.1;
41;Div1;Leg-;0;42;RT41_d0;Bra_napus;1527.33;
41;Div1;Leg-;3;42;RT41_d+3;Ger_disse;10.9000000000001;
41;Div1;Leg-;6;42;RT41_d+6;Ver_persi;59.5300000000001;
41;Div1;Leg-;9;42;RT41_d+9;Lol_peren;445.74;
41;Div1;Leg-;12;42;RT41_d+12;Ger_disse;3.42999999999993;
41;Div1;Leg-;15;42;RT41_d+15;Bra_napus;1446.08;
41;Div1;Leg-;18;42;RT41_d+18;Ver_persi;42.2700000000001;
41;Div1;Leg-;21;42;RT41_d+21;Lol_peren;313.9;
41;Div1;Leg-;24;42;RT41_d+24;Ger_disse;26.6200000000001;
42;Div2;Leg+;-24;42;RT42_d-24;Tri_alexa;79.6100000000002;
42;Div2;Leg+;-21;42;RT42_d-21;Ger_disse;90.36;
42;Div2;Leg+;-15;42;RT42_d-15;Bra_napus;2355.7;
42;Div2;Leg+;-12;42;RT42_d-12;Lol_peren;445.76;
42;Div2;Leg+;-9;42;RT42_d-9;Tri_alexa;106.06;
42;Div2;Leg+;0;42;RT42_d0;Bra_napus;813.529999999999;
42;Div2;Leg+;3;42;RT42_d+3;Ger_disse;33.9499999999997;
42;Div2;Leg+;6;42;RT42_d+6;Tri_alexa;136.6;
42;Div2;Leg+;9;42;RT42_d+9;Lol_peren;554.7;
42;Div2;Leg+;15;42;RT42_d+15;Bra_napus;1183.97;
42;Div2;Leg+;18;42;RT42_d+18;Ver_persi;25.9100000000001;
42;Div2;Leg+;21;42;RT42_d+21;Tri_alexa;318.53;
42;Div2;Leg+;24;42;RT42_d+24;Ger_disse;32.71;
